StartTime,DataProvider,SettlementDate,SettlementPeriod,Price,Volume
2026-03-24T11:30:00Z,APXMIDP,2026-03-24,24,68.11,2643.250
2026-03-24T11:30:00Z,N2EXMIDP,2026-03-24,24,0.00,0.000
2026-03-24T11:00:00Z,APXMIDP,2026-03-24,23,66.71,2718.950
2026-03-24T11:00:00Z,N2EXMIDP,2026-03-24,23,0.00,0.000
2026-03-24T10:30:00Z,APXMIDP,2026-03-24,22,59.16,2743.900
2026-03-24T10:30:00Z,N2EXMIDP,2026-03-24,22,0.00,0.000
2026-03-24T10:00:00Z,APXMIDP,2026-03-24,21,57.71,2582.200
2026-03-24T10:00:00Z,N2EXMIDP,2026-03-24,21,0.00,0.000
2026-03-24T09:30:00Z,APXMIDP,2026-03-24,20,52.17,2295.950
2026-03-24T09:30:00Z,N2EXMIDP,2026-03-24,20,0.00,0.000
2026-03-24T09:00:00Z,APXMIDP,2026-03-24,19,51.93,2312.650
2026-03-24T09:00:00Z,N2EXMIDP,2026-03-24,19,0.00,0.000
2026-03-24T08:30:00Z,APXMIDP,2026-03-24,18,55.01,2547.150
2026-03-24T08:30:00Z,N2EXMIDP,2026-03-24,18,0.00,0.000
2026-03-24T08:00:00Z,APXMIDP,2026-03-24,17,60.97,2711.000
2026-03-24T08:00:00Z,N2EXMIDP,2026-03-24,17,0.00,0.000
2026-03-24T07:30:00Z,APXMIDP,2026-03-24,16,65.45,2850.500
2026-03-24T07:30:00Z,N2EXMIDP,2026-03-24,16,0.00,0.000
2026-03-24T07:00:00Z,APXMIDP,2026-03-24,15,60.79,3196.100
2026-03-24T07:00:00Z,N2EXMIDP,2026-03-24,15,0.00,0.000
2026-03-24T06:30:00Z,APXMIDP,2026-03-24,14,67.26,2816.600
2026-03-24T06:30:00Z,N2EXMIDP,2026-03-24,14,0.00,0.000
2026-03-24T06:00:00Z,APXMIDP,2026-03-24,13,52.49,2658.900
2026-03-24T06:00:00Z,N2EXMIDP,2026-03-24,13,0.00,0.000
2026-03-24T05:30:00Z,APXMIDP,2026-03-24,12,43.32,2852.300
2026-03-24T05:30:00Z,N2EXMIDP,2026-03-24,12,0.00,0.000
2026-03-24T05:00:00Z,APXMIDP,2026-03-24,11,30.03,2447.350
2026-03-24T05:00:00Z,N2EXMIDP,2026-03-24,11,0.00,0.000
2026-03-24T04:30:00Z,APXMIDP,2026-03-24,10,28.59,2236.100
2026-03-24T04:30:00Z,N2EXMIDP,2026-03-24,10,0.00,0.000
2026-03-24T04:00:00Z,APXMIDP,2026-03-24,9,30.57,2182.250
2026-03-24T04:00:00Z,N2EXMIDP,2026-03-24,9,0.00,0.000
2026-03-24T03:30:00Z,APXMIDP,2026-03-24,8,32.44,1908.100
2026-03-24T03:30:00Z,N2EXMIDP,2026-03-24,8,0.00,0.000
2026-03-24T03:00:00Z,APXMIDP,2026-03-24,7,33.86,1865.450
2026-03-24T03:00:00Z,N2EXMIDP,2026-03-24,7,0.00,0.000
2026-03-24T02:30:00Z,APXMIDP,2026-03-24,6,34.32,2425.450
2026-03-24T02:30:00Z,N2EXMIDP,2026-03-24,6,0.00,0.000
2026-03-24T02:00:00Z,APXMIDP,2026-03-24,5,37.04,2245.050
2026-03-24T02:00:00Z,N2EXMIDP,2026-03-24,5,0.00,0.000
2026-03-24T01:30:00Z,APXMIDP,2026-03-24,4,37.87,2375.650
2026-03-24T01:30:00Z,N2EXMIDP,2026-03-24,4,0.00,0.000
2026-03-24T01:00:00Z,APXMIDP,2026-03-24,3,37.52,2449.200
2026-03-24T01:00:00Z,N2EXMIDP,2026-03-24,3,0.00,0.000
2026-03-24T00:30:00Z,APXMIDP,2026-03-24,2,40.56,1824.400
2026-03-24T00:30:00Z,N2EXMIDP,2026-03-24,2,0.00,0.000
2026-03-24T00:00:00Z,APXMIDP,2026-03-24,1,38.23,1576.150
2026-03-24T00:00:00Z,N2EXMIDP,2026-03-24,1,0.00,0.000
2026-03-23T23:30:00Z,APXMIDP,2026-03-23,48,35.81,1864.400
2026-03-23T23:30:00Z,N2EXMIDP,2026-03-23,48,0.00,0.000
2026-03-23T23:00:00Z,APXMIDP,2026-03-23,47,42.43,2004.050
2026-03-23T23:00:00Z,N2EXMIDP,2026-03-23,47,0.00,0.000
2026-03-23T22:30:00Z,APXMIDP,2026-03-23,46,78.12,3024.250
2026-03-23T22:30:00Z,N2EXMIDP,2026-03-23,46,0.00,0.000
2026-03-23T22:00:00Z,APXMIDP,2026-03-23,45,104.21,2704.900
2026-03-23T22:00:00Z,N2EXMIDP,2026-03-23,45,0.00,0.000
2026-03-23T21:30:00Z,APXMIDP,2026-03-23,44,93.84,1881.950
2026-03-23T21:30:00Z,N2EXMIDP,2026-03-23,44,0.00,0.000
2026-03-23T21:00:00Z,APXMIDP,2026-03-23,43,107.44,2063.150
2026-03-23T21:00:00Z,N2EXMIDP,2026-03-23,43,0.00,0.000
2026-03-23T20:30:00Z,APXMIDP,2026-03-23,42,112.66,3107.750
2026-03-23T20:30:00Z,N2EXMIDP,2026-03-23,42,0.00,0.000
2026-03-23T20:00:00Z,APXMIDP,2026-03-23,41,120.52,3580.200
2026-03-23T20:00:00Z,N2EXMIDP,2026-03-23,41,0.00,0.000
2026-03-23T19:30:00Z,APXMIDP,2026-03-23,40,136.08,3772.400
2026-03-23T19:30:00Z,N2EXMIDP,2026-03-23,40,0.00,0.000
2026-03-23T19:00:00Z,APXMIDP,2026-03-23,39,141.40,4018.700
2026-03-23T19:00:00Z,N2EXMIDP,2026-03-23,39,0.00,0.000
2026-03-23T18:30:00Z,APXMIDP,2026-03-23,38,152.22,4650.900
2026-03-23T18:30:00Z,N2EXMIDP,2026-03-23,38,0.00,0.000
2026-03-23T18:00:00Z,APXMIDP,2026-03-23,37,149.75,4472.850
2026-03-23T18:00:00Z,N2EXMIDP,2026-03-23,37,0.00,0.000
2026-03-23T17:30:00Z,APXMIDP,2026-03-23,36,141.36,4457.550
2026-03-23T17:30:00Z,N2EXMIDP,2026-03-23,36,0.00,0.000
2026-03-23T17:00:00Z,APXMIDP,2026-03-23,35,139.39,4126.750
2026-03-23T17:00:00Z,N2EXMIDP,2026-03-23,35,0.00,0.000
2026-03-23T16:30:00Z,APXMIDP,2026-03-23,34,114.97,2811.400
2026-03-23T16:30:00Z,N2EXMIDP,2026-03-23,34,0.00,0.000
2026-03-23T16:00:00Z,APXMIDP,2026-03-23,33,106.73,2481.400
2026-03-23T16:00:00Z,N2EXMIDP,2026-03-23,33,0.00,0.000
2026-03-23T15:30:00Z,APXMIDP,2026-03-23,32,103.91,3086.950
2026-03-23T15:30:00Z,N2EXMIDP,2026-03-23,32,0.00,0.000
2026-03-23T15:00:00Z,APXMIDP,2026-03-23,31,104.46,2752.150
2026-03-23T15:00:00Z,N2EXMIDP,2026-03-23,31,0.00,0.000
2026-03-23T14:30:00Z,APXMIDP,2026-03-23,30,96.21,3898.800
2026-03-23T14:30:00Z,N2EXMIDP,2026-03-23,30,0.00,0.000
2026-03-23T14:00:00Z,APXMIDP,2026-03-23,29,97.90,3663.800
2026-03-23T14:00:00Z,N2EXMIDP,2026-03-23,29,0.00,0.000
2026-03-23T13:30:00Z,APXMIDP,2026-03-23,28,100.15,3806.100
2026-03-23T13:30:00Z,N2EXMIDP,2026-03-23,28,0.00,0.000
2026-03-23T13:00:00Z,APXMIDP,2026-03-23,27,95.34,4038.600
2026-03-23T13:00:00Z,N2EXMIDP,2026-03-23,27,0.00,0.000
2026-03-23T12:30:00Z,APXMIDP,2026-03-23,26,101.00,3899.800
2026-03-23T12:30:00Z,N2EXMIDP,2026-03-23,26,0.00,0.000
2026-03-23T12:00:00Z,APXMIDP,2026-03-23,25,98.59,2999.200
2026-03-23T12:00:00Z,N2EXMIDP,2026-03-23,25,0.00,0.000
2026-03-23T11:30:00Z,APXMIDP,2026-03-23,24,101.88,2416.350
2026-03-23T11:30:00Z,N2EXMIDP,2026-03-23,24,0.00,0.000
2026-03-23T11:00:00Z,APXMIDP,2026-03-23,23,105.24,2307.050
2026-03-23T11:00:00Z,N2EXMIDP,2026-03-23,23,0.00,0.000
2026-03-23T10:30:00Z,APXMIDP,2026-03-23,22,120.94,3296.850
2026-03-23T10:30:00Z,N2EXMIDP,2026-03-23,22,0.00,0.000
2026-03-23T10:00:00Z,APXMIDP,2026-03-23,21,125.43,3752.150
2026-03-23T10:00:00Z,N2EXMIDP,2026-03-23,21,0.00,0.000
2026-03-23T09:30:00Z,APXMIDP,2026-03-23,20,131.78,3277.750
2026-03-23T09:30:00Z,N2EXMIDP,2026-03-23,20,0.00,0.000
2026-03-23T09:00:00Z,APXMIDP,2026-03-23,19,140.56,3459.100
2026-03-23T09:00:00Z,N2EXMIDP,2026-03-23,19,0.00,0.000
2026-03-23T08:30:00Z,APXMIDP,2026-03-23,18,152.45,2624.750
2026-03-23T08:30:00Z,N2EXMIDP,2026-03-23,18,0.00,0.000
2026-03-23T08:00:00Z,APXMIDP,2026-03-23,17,151.89,2578.800
2026-03-23T08:00:00Z,N2EXMIDP,2026-03-23,17,0.00,0.000
2026-03-23T07:30:00Z,APXMIDP,2026-03-23,16,150.96,3194.800
2026-03-23T07:30:00Z,N2EXMIDP,2026-03-23,16,0.00,0.000
2026-03-23T07:00:00Z,APXMIDP,2026-03-23,15,151.85,2889.850
2026-03-23T07:00:00Z,N2EXMIDP,2026-03-23,15,0.00,0.000
2026-03-23T06:30:00Z,APXMIDP,2026-03-23,14,163.96,3604.850
2026-03-23T06:30:00Z,N2EXMIDP,2026-03-23,14,0.00,0.000
2026-03-23T06:00:00Z,APXMIDP,2026-03-23,13,154.95,3510.750
2026-03-23T06:00:00Z,N2EXMIDP,2026-03-23,13,0.00,0.000
2026-03-23T05:30:00Z,APXMIDP,2026-03-23,12,149.11,2580.750
2026-03-23T05:30:00Z,N2EXMIDP,2026-03-23,12,0.00,0.000
2026-03-23T05:00:00Z,APXMIDP,2026-03-23,11,148.10,2719.300
2026-03-23T05:00:00Z,N2EXMIDP,2026-03-23,11,0.00,0.000
2026-03-23T04:30:00Z,APXMIDP,2026-03-23,10,135.91,2535.400
2026-03-23T04:30:00Z,N2EXMIDP,2026-03-23,10,0.00,0.000
2026-03-23T04:00:00Z,APXMIDP,2026-03-23,9,139.13,2101.950
2026-03-23T04:00:00Z,N2EXMIDP,2026-03-23,9,0.00,0.000
2026-03-23T03:30:00Z,APXMIDP,2026-03-23,8,132.64,2087.800
2026-03-23T03:30:00Z,N2EXMIDP,2026-03-23,8,0.00,0.000
2026-03-23T03:00:00Z,APXMIDP,2026-03-23,7,134.30,1943.600
2026-03-23T03:00:00Z,N2EXMIDP,2026-03-23,7,0.00,0.000
2026-03-23T02:30:00Z,APXMIDP,2026-03-23,6,134.78,2238.350
2026-03-23T02:30:00Z,N2EXMIDP,2026-03-23,6,0.00,0.000
2026-03-23T02:00:00Z,APXMIDP,2026-03-23,5,137.48,1796.100
2026-03-23T02:00:00Z,N2EXMIDP,2026-03-23,5,0.00,0.000
2026-03-23T01:30:00Z,APXMIDP,2026-03-23,4,134.51,1773.350
2026-03-23T01:30:00Z,N2EXMIDP,2026-03-23,4,0.00,0.000
2026-03-23T01:00:00Z,APXMIDP,2026-03-23,3,134.39,1559.700
2026-03-23T01:00:00Z,N2EXMIDP,2026-03-23,3,0.00,0.000
2026-03-23T00:30:00Z,APXMIDP,2026-03-23,2,132.63,1311.500
2026-03-23T00:30:00Z,N2EXMIDP,2026-03-23,2,0.00,0.000
2026-03-23T00:00:00Z,APXMIDP,2026-03-23,1,129.24,1335.050
2026-03-23T00:00:00Z,N2EXMIDP,2026-03-23,1,0.00,0.000
2026-03-22T23:30:00Z,APXMIDP,2026-03-22,48,126.26,1429.200
2026-03-22T23:30:00Z,N2EXMIDP,2026-03-22,48,0.00,0.000
2026-03-22T23:00:00Z,APXMIDP,2026-03-22,47,127.11,1739.400
2026-03-22T23:00:00Z,N2EXMIDP,2026-03-22,47,0.00,0.000
2026-03-22T22:30:00Z,APXMIDP,2026-03-22,46,131.56,1964.800
2026-03-22T22:30:00Z,N2EXMIDP,2026-03-22,46,0.00,0.000
2026-03-22T22:00:00Z,APXMIDP,2026-03-22,45,131.68,2473.250
2026-03-22T22:00:00Z,N2EXMIDP,2026-03-22,45,0.00,0.000
2026-03-22T21:30:00Z,APXMIDP,2026-03-22,44,132.95,2163.600
2026-03-22T21:30:00Z,N2EXMIDP,2026-03-22,44,0.00,0.000
2026-03-22T21:00:00Z,APXMIDP,2026-03-22,43,147.10,1978.050
2026-03-22T21:00:00Z,N2EXMIDP,2026-03-22,43,0.00,0.000
2026-03-22T20:30:00Z,APXMIDP,2026-03-22,42,153.46,1863.900
2026-03-22T20:30:00Z,N2EXMIDP,2026-03-22,42,0.00,0.000
2026-03-22T20:00:00Z,APXMIDP,2026-03-22,41,159.84,2136.050
2026-03-22T20:00:00Z,N2EXMIDP,2026-03-22,41,0.00,0.000
2026-03-22T19:30:00Z,APXMIDP,2026-03-22,40,166.50,2295.000
2026-03-22T19:30:00Z,N2EXMIDP,2026-03-22,40,0.00,0.000
2026-03-22T19:00:00Z,APXMIDP,2026-03-22,39,167.96,2207.000
2026-03-22T19:00:00Z,N2EXMIDP,2026-03-22,39,0.00,0.000
2026-03-22T18:30:00Z,APXMIDP,2026-03-22,38,172.97,2477.750
2026-03-22T18:30:00Z,N2EXMIDP,2026-03-22,38,0.00,0.000
2026-03-22T18:00:00Z,APXMIDP,2026-03-22,37,167.84,2090.650
2026-03-22T18:00:00Z,N2EXMIDP,2026-03-22,37,0.00,0.000
2026-03-22T17:30:00Z,APXMIDP,2026-03-22,36,160.22,2174.800
2026-03-22T17:30:00Z,N2EXMIDP,2026-03-22,36,0.00,0.000
2026-03-22T17:00:00Z,APXMIDP,2026-03-22,35,153.34,2002.600
2026-03-22T17:00:00Z,N2EXMIDP,2026-03-22,35,0.00,0.000
2026-03-22T16:30:00Z,APXMIDP,2026-03-22,34,136.43,1755.100
2026-03-22T16:30:00Z,N2EXMIDP,2026-03-22,34,0.00,0.000
2026-03-22T16:00:00Z,APXMIDP,2026-03-22,33,129.42,2185.150
2026-03-22T16:00:00Z,N2EXMIDP,2026-03-22,33,0.00,0.000
2026-03-22T15:30:00Z,APXMIDP,2026-03-22,32,125.36,1969.800
2026-03-22T15:30:00Z,N2EXMIDP,2026-03-22,32,0.00,0.000
2026-03-22T15:00:00Z,APXMIDP,2026-03-22,31,124.09,2116.000
2026-03-22T15:00:00Z,N2EXMIDP,2026-03-22,31,0.00,0.000
2026-03-22T14:30:00Z,APXMIDP,2026-03-22,30,121.77,2267.300
2026-03-22T14:30:00Z,N2EXMIDP,2026-03-22,30,0.00,0.000
2026-03-22T14:00:00Z,APXMIDP,2026-03-22,29,122.34,1955.550
2026-03-22T14:00:00Z,N2EXMIDP,2026-03-22,29,0.00,0.000
2026-03-22T13:30:00Z,APXMIDP,2026-03-22,28,121.38,1756.550
2026-03-22T13:30:00Z,N2EXMIDP,2026-03-22,28,0.00,0.000
2026-03-22T13:00:00Z,APXMIDP,2026-03-22,27,119.77,1875.000
2026-03-22T13:00:00Z,N2EXMIDP,2026-03-22,27,0.00,0.000
2026-03-22T12:30:00Z,APXMIDP,2026-03-22,26,115.70,1801.100
2026-03-22T12:30:00Z,N2EXMIDP,2026-03-22,26,0.00,0.000
2026-03-22T12:00:00Z,APXMIDP,2026-03-22,25,115.83,1623.750
2026-03-22T12:00:00Z,N2EXMIDP,2026-03-22,25,0.00,0.000
2026-03-22T11:30:00Z,APXMIDP,2026-03-22,24,113.79,1753.550
2026-03-22T11:30:00Z,N2EXMIDP,2026-03-22,24,0.00,0.000
2026-03-22T11:00:00Z,APXMIDP,2026-03-22,23,113.64,1645.400
2026-03-22T11:00:00Z,N2EXMIDP,2026-03-22,23,0.00,0.000
2026-03-22T10:30:00Z,APXMIDP,2026-03-22,22,109.36,1385.050
2026-03-22T10:30:00Z,N2EXMIDP,2026-03-22,22,0.00,0.000
2026-03-22T10:00:00Z,APXMIDP,2026-03-22,21,106.56,1268.700
2026-03-22T10:00:00Z,N2EXMIDP,2026-03-22,21,0.00,0.000
2026-03-22T09:30:00Z,APXMIDP,2026-03-22,20,106.11,1441.500
2026-03-22T09:30:00Z,N2EXMIDP,2026-03-22,20,0.00,0.000
2026-03-22T09:00:00Z,APXMIDP,2026-03-22,19,101.19,1140.250
2026-03-22T09:00:00Z,N2EXMIDP,2026-03-22,19,0.00,0.000
2026-03-22T08:30:00Z,APXMIDP,2026-03-22,18,103.95,946.800
2026-03-22T08:30:00Z,N2EXMIDP,2026-03-22,18,0.00,0.000
2026-03-22T08:00:00Z,APXMIDP,2026-03-22,17,105.15,967.550
2026-03-22T08:00:00Z,N2EXMIDP,2026-03-22,17,0.00,0.000
2026-03-22T07:30:00Z,APXMIDP,2026-03-22,16,106.04,986.500
2026-03-22T07:30:00Z,N2EXMIDP,2026-03-22,16,0.00,0.000
2026-03-22T07:00:00Z,APXMIDP,2026-03-22,15,109.03,895.150
2026-03-22T07:00:00Z,N2EXMIDP,2026-03-22,15,0.00,0.000
2026-03-22T06:30:00Z,APXMIDP,2026-03-22,14,102.05,928.000
2026-03-22T06:30:00Z,N2EXMIDP,2026-03-22,14,0.00,0.000
2026-03-22T06:00:00Z,APXMIDP,2026-03-22,13,99.49,899.900
2026-03-22T06:00:00Z,N2EXMIDP,2026-03-22,13,0.00,0.000
2026-03-22T05:30:00Z,APXMIDP,2026-03-22,12,101.68,976.350
2026-03-22T05:30:00Z,N2EXMIDP,2026-03-22,12,0.00,0.000
2026-03-22T05:00:00Z,APXMIDP,2026-03-22,11,99.83,1030.800
2026-03-22T05:00:00Z,N2EXMIDP,2026-03-22,11,0.00,0.000
2026-03-22T04:30:00Z,APXMIDP,2026-03-22,10,99.71,1023.450
2026-03-22T04:30:00Z,N2EXMIDP,2026-03-22,10,0.00,0.000
2026-03-22T04:00:00Z,APXMIDP,2026-03-22,9,99.71,966.250
2026-03-22T04:00:00Z,N2EXMIDP,2026-03-22,9,0.00,0.000
2026-03-22T03:30:00Z,APXMIDP,2026-03-22,8,100.27,876.150
2026-03-22T03:30:00Z,N2EXMIDP,2026-03-22,8,0.00,0.000
2026-03-22T03:00:00Z,APXMIDP,2026-03-22,7,104.21,777.700
2026-03-22T03:00:00Z,N2EXMIDP,2026-03-22,7,0.00,0.000
2026-03-22T02:30:00Z,APXMIDP,2026-03-22,6,104.18,1217.000
2026-03-22T02:30:00Z,N2EXMIDP,2026-03-22,6,0.00,0.000
2026-03-22T02:00:00Z,APXMIDP,2026-03-22,5,105.43,961.050
2026-03-22T02:00:00Z,N2EXMIDP,2026-03-22,5,0.00,0.000
2026-03-22T01:30:00Z,APXMIDP,2026-03-22,4,102.77,1083.150
2026-03-22T01:30:00Z,N2EXMIDP,2026-03-22,4,0.00,0.000
2026-03-22T01:00:00Z,APXMIDP,2026-03-22,3,106.13,1017.950
2026-03-22T01:00:00Z,N2EXMIDP,2026-03-22,3,0.00,0.000
2026-03-22T00:30:00Z,APXMIDP,2026-03-22,2,107.70,1519.200
2026-03-22T00:30:00Z,N2EXMIDP,2026-03-22,2,0.00,0.000
2026-03-22T00:00:00Z,APXMIDP,2026-03-22,1,99.54,1281.600
2026-03-22T00:00:00Z,N2EXMIDP,2026-03-22,1,0.00,0.000
2026-03-21T23:30:00Z,APXMIDP,2026-03-21,48,102.81,1476.600
2026-03-21T23:30:00Z,N2EXMIDP,2026-03-21,48,0.00,0.000
2026-03-21T23:00:00Z,APXMIDP,2026-03-21,47,106.63,1253.650
2026-03-21T23:00:00Z,N2EXMIDP,2026-03-21,47,0.00,0.000
2026-03-21T22:30:00Z,APXMIDP,2026-03-21,46,110.24,1982.000
2026-03-21T22:30:00Z,N2EXMIDP,2026-03-21,46,0.00,0.000
2026-03-21T22:00:00Z,APXMIDP,2026-03-21,45,111.45,1880.150
2026-03-21T22:00:00Z,N2EXMIDP,2026-03-21,45,0.00,0.000
2026-03-21T21:30:00Z,APXMIDP,2026-03-21,44,112.42,1751.450
2026-03-21T21:30:00Z,N2EXMIDP,2026-03-21,44,0.00,0.000
2026-03-21T21:00:00Z,APXMIDP,2026-03-21,43,117.89,1778.250
2026-03-21T21:00:00Z,N2EXMIDP,2026-03-21,43,0.00,0.000
2026-03-21T20:30:00Z,APXMIDP,2026-03-21,42,126.32,1624.200
2026-03-21T20:30:00Z,N2EXMIDP,2026-03-21,42,0.00,0.000
2026-03-21T20:00:00Z,APXMIDP,2026-03-21,41,139.48,2143.900
2026-03-21T20:00:00Z,N2EXMIDP,2026-03-21,41,0.00,0.000
2026-03-21T19:30:00Z,APXMIDP,2026-03-21,40,142.97,1996.200
2026-03-21T19:30:00Z,N2EXMIDP,2026-03-21,40,0.00,0.000
2026-03-21T19:00:00Z,APXMIDP,2026-03-21,39,144.45,2353.150
2026-03-21T19:00:00Z,N2EXMIDP,2026-03-21,39,0.00,0.000
2026-03-21T18:30:00Z,APXMIDP,2026-03-21,38,146.41,2646.550
2026-03-21T18:30:00Z,N2EXMIDP,2026-03-21,38,0.00,0.000
2026-03-21T18:00:00Z,APXMIDP,2026-03-21,37,142.50,2743.600
2026-03-21T18:00:00Z,N2EXMIDP,2026-03-21,37,0.00,0.000
2026-03-21T17:30:00Z,APXMIDP,2026-03-21,36,140.46,2913.250
2026-03-21T17:30:00Z,N2EXMIDP,2026-03-21,36,0.00,0.000
2026-03-21T17:00:00Z,APXMIDP,2026-03-21,35,137.65,2246.850
2026-03-21T17:00:00Z,N2EXMIDP,2026-03-21,35,0.00,0.000
2026-03-21T16:30:00Z,APXMIDP,2026-03-21,34,127.37,2310.900
2026-03-21T16:30:00Z,N2EXMIDP,2026-03-21,34,0.00,0.000
2026-03-21T16:00:00Z,APXMIDP,2026-03-21,33,114.51,2433.300
2026-03-21T16:00:00Z,N2EXMIDP,2026-03-21,33,0.00,0.000
2026-03-21T15:30:00Z,APXMIDP,2026-03-21,32,108.23,2397.850
2026-03-21T15:30:00Z,N2EXMIDP,2026-03-21,32,0.00,0.000
2026-03-21T15:00:00Z,APXMIDP,2026-03-21,31,108.94,2460.250
2026-03-21T15:00:00Z,N2EXMIDP,2026-03-21,31,0.00,0.000
2026-03-21T14:30:00Z,APXMIDP,2026-03-21,30,101.57,1763.350
2026-03-21T14:30:00Z,N2EXMIDP,2026-03-21,30,0.00,0.000
2026-03-21T14:00:00Z,APXMIDP,2026-03-21,29,102.35,1694.050
2026-03-21T14:00:00Z,N2EXMIDP,2026-03-21,29,0.00,0.000
2026-03-21T13:30:00Z,APXMIDP,2026-03-21,28,103.27,1879.350
2026-03-21T13:30:00Z,N2EXMIDP,2026-03-21,28,0.00,0.000
2026-03-21T13:00:00Z,APXMIDP,2026-03-21,27,107.14,2267.950
2026-03-21T13:00:00Z,N2EXMIDP,2026-03-21,27,0.00,0.000
2026-03-21T12:30:00Z,APXMIDP,2026-03-21,26,104.60,2239.200
2026-03-21T12:30:00Z,N2EXMIDP,2026-03-21,26,0.00,0.000
2026-03-21T12:00:00Z,APXMIDP,2026-03-21,25,113.03,2080.650
2026-03-21T12:00:00Z,N2EXMIDP,2026-03-21,25,0.00,0.000
2026-03-21T11:30:00Z,APXMIDP,2026-03-21,24,110.69,2416.750
2026-03-21T11:30:00Z,N2EXMIDP,2026-03-21,24,0.00,0.000
2026-03-21T11:00:00Z,APXMIDP,2026-03-21,23,113.34,1828.400
2026-03-21T11:00:00Z,N2EXMIDP,2026-03-21,23,0.00,0.000
2026-03-21T10:30:00Z,APXMIDP,2026-03-21,22,136.74,1891.950
2026-03-21T10:30:00Z,N2EXMIDP,2026-03-21,22,0.00,0.000
2026-03-21T10:00:00Z,APXMIDP,2026-03-21,21,145.07,1735.000
2026-03-21T10:00:00Z,N2EXMIDP,2026-03-21,21,0.00,0.000
2026-03-21T09:30:00Z,APXMIDP,2026-03-21,20,143.74,1764.450
2026-03-21T09:30:00Z,N2EXMIDP,2026-03-21,20,0.00,0.000
2026-03-21T09:00:00Z,APXMIDP,2026-03-21,19,145.19,1676.950
2026-03-21T09:00:00Z,N2EXMIDP,2026-03-21,19,0.00,0.000
2026-03-21T08:30:00Z,APXMIDP,2026-03-21,18,143.09,1889.550
2026-03-21T08:30:00Z,N2EXMIDP,2026-03-21,18,0.00,0.000
2026-03-21T08:00:00Z,APXMIDP,2026-03-21,17,147.60,2208.900
2026-03-21T08:00:00Z,N2EXMIDP,2026-03-21,17,0.00,0.000
2026-03-21T07:30:00Z,APXMIDP,2026-03-21,16,148.60,2358.400
2026-03-21T07:30:00Z,N2EXMIDP,2026-03-21,16,0.00,0.000
2026-03-21T07:00:00Z,APXMIDP,2026-03-21,15,148.51,2521.900
2026-03-21T07:00:00Z,N2EXMIDP,2026-03-21,15,0.00,0.000
2026-03-21T06:30:00Z,APXMIDP,2026-03-21,14,148.20,2331.000
2026-03-21T06:30:00Z,N2EXMIDP,2026-03-21,14,0.00,0.000
2026-03-21T06:00:00Z,APXMIDP,2026-03-21,13,137.06,2077.500
2026-03-21T06:00:00Z,N2EXMIDP,2026-03-21,13,0.00,0.000
2026-03-21T05:30:00Z,APXMIDP,2026-03-21,12,134.70,1577.000
2026-03-21T05:30:00Z,N2EXMIDP,2026-03-21,12,0.00,0.000
2026-03-21T05:00:00Z,APXMIDP,2026-03-21,11,130.79,1830.350
2026-03-21T05:00:00Z,N2EXMIDP,2026-03-21,11,0.00,0.000
2026-03-21T04:30:00Z,APXMIDP,2026-03-21,10,118.28,1787.800
2026-03-21T04:30:00Z,N2EXMIDP,2026-03-21,10,0.00,0.000
2026-03-21T04:00:00Z,APXMIDP,2026-03-21,9,117.48,1707.900
2026-03-21T04:00:00Z,N2EXMIDP,2026-03-21,9,0.00,0.000
2026-03-21T03:30:00Z,APXMIDP,2026-03-21,8,117.25,1467.950
2026-03-21T03:30:00Z,N2EXMIDP,2026-03-21,8,0.00,0.000
2026-03-21T03:00:00Z,APXMIDP,2026-03-21,7,116.09,1025.150
2026-03-21T03:00:00Z,N2EXMIDP,2026-03-21,7,0.00,0.000
2026-03-21T02:30:00Z,APXMIDP,2026-03-21,6,117.94,1770.850
2026-03-21T02:30:00Z,N2EXMIDP,2026-03-21,6,0.00,0.000
2026-03-21T02:00:00Z,APXMIDP,2026-03-21,5,122.33,1652.550
2026-03-21T02:00:00Z,N2EXMIDP,2026-03-21,5,0.00,0.000
2026-03-21T01:30:00Z,APXMIDP,2026-03-21,4,117.54,1741.100
2026-03-21T01:30:00Z,N2EXMIDP,2026-03-21,4,0.00,0.000
2026-03-21T01:00:00Z,APXMIDP,2026-03-21,3,118.83,1657.350
2026-03-21T01:00:00Z,N2EXMIDP,2026-03-21,3,0.00,0.000
2026-03-21T00:30:00Z,APXMIDP,2026-03-21,2,121.39,1713.850
2026-03-21T00:30:00Z,N2EXMIDP,2026-03-21,2,0.00,0.000
2026-03-21T00:00:00Z,APXMIDP,2026-03-21,1,116.86,1450.800
2026-03-21T00:00:00Z,N2EXMIDP,2026-03-21,1,0.00,0.000
2026-03-20T23:30:00Z,APXMIDP,2026-03-20,48,110.52,1240.300
2026-03-20T23:30:00Z,N2EXMIDP,2026-03-20,48,0.00,0.000
2026-03-20T23:00:00Z,APXMIDP,2026-03-20,47,109.85,1043.700
2026-03-20T23:00:00Z,N2EXMIDP,2026-03-20,47,0.00,0.000
2026-03-20T22:30:00Z,APXMIDP,2026-03-20,46,119.26,2639.100
2026-03-20T22:30:00Z,N2EXMIDP,2026-03-20,46,0.00,0.000
2026-03-20T22:00:00Z,APXMIDP,2026-03-20,45,120.49,2002.550
2026-03-20T22:00:00Z,N2EXMIDP,2026-03-20,45,0.00,0.000
2026-03-20T21:30:00Z,APXMIDP,2026-03-20,44,124.15,2605.250
2026-03-20T21:30:00Z,N2EXMIDP,2026-03-20,44,0.00,0.000
2026-03-20T21:00:00Z,APXMIDP,2026-03-20,43,121.95,2673.450
2026-03-20T21:00:00Z,N2EXMIDP,2026-03-20,43,0.00,0.000
2026-03-20T20:30:00Z,APXMIDP,2026-03-20,42,127.98,2444.500
2026-03-20T20:30:00Z,N2EXMIDP,2026-03-20,42,0.00,0.000
2026-03-20T20:00:00Z,APXMIDP,2026-03-20,41,139.35,2653.950
2026-03-20T20:00:00Z,N2EXMIDP,2026-03-20,41,0.00,0.000
2026-03-20T19:30:00Z,APXMIDP,2026-03-20,40,142.25,2360.650
2026-03-20T19:30:00Z,N2EXMIDP,2026-03-20,40,0.00,0.000
2026-03-20T19:00:00Z,APXMIDP,2026-03-20,39,141.51,2428.600
2026-03-20T19:00:00Z,N2EXMIDP,2026-03-20,39,0.00,0.000
2026-03-20T18:30:00Z,APXMIDP,2026-03-20,38,145.83,4083.850
2026-03-20T18:30:00Z,N2EXMIDP,2026-03-20,38,0.00,0.000
2026-03-20T18:00:00Z,APXMIDP,2026-03-20,37,142.85,3668.350
2026-03-20T18:00:00Z,N2EXMIDP,2026-03-20,37,0.00,0.000
2026-03-20T17:30:00Z,APXMIDP,2026-03-20,36,143.99,2842.950
2026-03-20T17:30:00Z,N2EXMIDP,2026-03-20,36,0.00,0.000
2026-03-20T17:00:00Z,APXMIDP,2026-03-20,35,142.26,2849.000
2026-03-20T17:00:00Z,N2EXMIDP,2026-03-20,35,0.00,0.000
2026-03-20T16:30:00Z,APXMIDP,2026-03-20,34,130.38,2704.350
2026-03-20T16:30:00Z,N2EXMIDP,2026-03-20,34,0.00,0.000
2026-03-20T16:00:00Z,APXMIDP,2026-03-20,33,121.45,3182.800
2026-03-20T16:00:00Z,N2EXMIDP,2026-03-20,33,0.00,0.000
2026-03-20T15:30:00Z,APXMIDP,2026-03-20,32,109.15,3284.150
2026-03-20T15:30:00Z,N2EXMIDP,2026-03-20,32,0.00,0.000
2026-03-20T15:00:00Z,APXMIDP,2026-03-20,31,108.47,2769.600
2026-03-20T15:00:00Z,N2EXMIDP,2026-03-20,31,0.00,0.000
2026-03-20T14:30:00Z,APXMIDP,2026-03-20,30,106.74,4059.200
2026-03-20T14:30:00Z,N2EXMIDP,2026-03-20,30,0.00,0.000
2026-03-20T14:00:00Z,APXMIDP,2026-03-20,29,106.53,3672.100
2026-03-20T14:00:00Z,N2EXMIDP,2026-03-20,29,0.00,0.000
2026-03-20T13:30:00Z,APXMIDP,2026-03-20,28,109.96,4024.300
2026-03-20T13:30:00Z,N2EXMIDP,2026-03-20,28,0.00,0.000
2026-03-20T13:00:00Z,APXMIDP,2026-03-20,27,109.16,4171.100
2026-03-20T13:00:00Z,N2EXMIDP,2026-03-20,27,0.00,0.000
2026-03-20T12:30:00Z,APXMIDP,2026-03-20,26,106.75,3376.800
2026-03-20T12:30:00Z,N2EXMIDP,2026-03-20,26,0.00,0.000
2026-03-20T12:00:00Z,APXMIDP,2026-03-20,25,110.25,3186.550
2026-03-20T12:00:00Z,N2EXMIDP,2026-03-20,25,0.00,0.000
2026-03-20T11:30:00Z,APXMIDP,2026-03-20,24,106.56,2981.750
2026-03-20T11:30:00Z,N2EXMIDP,2026-03-20,24,0.00,0.000
2026-03-20T11:00:00Z,APXMIDP,2026-03-20,23,109.66,3202.350
2026-03-20T11:00:00Z,N2EXMIDP,2026-03-20,23,0.00,0.000
2026-03-20T10:30:00Z,APXMIDP,2026-03-20,22,127.90,3153.450
2026-03-20T10:30:00Z,N2EXMIDP,2026-03-20,22,0.00,0.000
2026-03-20T10:00:00Z,APXMIDP,2026-03-20,21,143.99,3326.450
2026-03-20T10:00:00Z,N2EXMIDP,2026-03-20,21,0.00,0.000
2026-03-20T09:30:00Z,APXMIDP,2026-03-20,20,148.88,2887.450
2026-03-20T09:30:00Z,N2EXMIDP,2026-03-20,20,0.00,0.000
2026-03-20T09:00:00Z,APXMIDP,2026-03-20,19,151.31,2706.250
2026-03-20T09:00:00Z,N2EXMIDP,2026-03-20,19,0.00,0.000
2026-03-20T08:30:00Z,APXMIDP,2026-03-20,18,149.57,2365.900
2026-03-20T08:30:00Z,N2EXMIDP,2026-03-20,18,0.00,0.000
2026-03-20T08:00:00Z,APXMIDP,2026-03-20,17,148.13,2105.400
2026-03-20T08:00:00Z,N2EXMIDP,2026-03-20,17,0.00,0.000
2026-03-20T07:30:00Z,APXMIDP,2026-03-20,16,147.18,2025.850
2026-03-20T07:30:00Z,N2EXMIDP,2026-03-20,16,0.00,0.000
2026-03-20T07:00:00Z,APXMIDP,2026-03-20,15,143.81,1936.500
2026-03-20T07:00:00Z,N2EXMIDP,2026-03-20,15,0.00,0.000
2026-03-20T06:30:00Z,APXMIDP,2026-03-20,14,146.63,2390.000
2026-03-20T06:30:00Z,N2EXMIDP,2026-03-20,14,0.00,0.000
2026-03-20T06:00:00Z,APXMIDP,2026-03-20,13,141.60,1963.100
2026-03-20T06:00:00Z,N2EXMIDP,2026-03-20,13,0.00,0.000
2026-03-20T05:30:00Z,APXMIDP,2026-03-20,12,139.24,1616.450
2026-03-20T05:30:00Z,N2EXMIDP,2026-03-20,12,0.00,0.000
2026-03-20T05:00:00Z,APXMIDP,2026-03-20,11,138.88,1702.150
2026-03-20T05:00:00Z,N2EXMIDP,2026-03-20,11,0.00,0.000
2026-03-20T04:30:00Z,APXMIDP,2026-03-20,10,113.62,1370.650
2026-03-20T04:30:00Z,N2EXMIDP,2026-03-20,10,0.00,0.000
2026-03-20T04:00:00Z,APXMIDP,2026-03-20,9,113.99,1103.800
2026-03-20T04:00:00Z,N2EXMIDP,2026-03-20,9,0.00,0.000
2026-03-20T03:30:00Z,APXMIDP,2026-03-20,8,113.18,1240.100
2026-03-20T03:30:00Z,N2EXMIDP,2026-03-20,8,0.00,0.000
2026-03-20T03:00:00Z,APXMIDP,2026-03-20,7,112.72,1252.550
2026-03-20T03:00:00Z,N2EXMIDP,2026-03-20,7,0.00,0.000
2026-03-20T02:30:00Z,APXMIDP,2026-03-20,6,114.80,2031.750
2026-03-20T02:30:00Z,N2EXMIDP,2026-03-20,6,0.00,0.000
2026-03-20T02:00:00Z,APXMIDP,2026-03-20,5,113.87,1665.900
2026-03-20T02:00:00Z,N2EXMIDP,2026-03-20,5,0.00,0.000
2026-03-20T01:30:00Z,APXMIDP,2026-03-20,4,111.16,1675.900
2026-03-20T01:30:00Z,N2EXMIDP,2026-03-20,4,0.00,0.000
2026-03-20T01:00:00Z,APXMIDP,2026-03-20,3,113.61,1626.900
2026-03-20T01:00:00Z,N2EXMIDP,2026-03-20,3,0.00,0.000
2026-03-20T00:30:00Z,APXMIDP,2026-03-20,2,117.38,1485.650
2026-03-20T00:30:00Z,N2EXMIDP,2026-03-20,2,0.00,0.000
2026-03-20T00:00:00Z,APXMIDP,2026-03-20,1,115.32,1261.750
2026-03-20T00:00:00Z,N2EXMIDP,2026-03-20,1,0.00,0.000
2026-03-19T23:30:00Z,APXMIDP,2026-03-19,48,114.66,1251.000
2026-03-19T23:30:00Z,N2EXMIDP,2026-03-19,48,0.00,0.000
2026-03-19T23:00:00Z,APXMIDP,2026-03-19,47,108.75,1612.800
2026-03-19T23:00:00Z,N2EXMIDP,2026-03-19,47,0.00,0.000
2026-03-19T22:30:00Z,APXMIDP,2026-03-19,46,123.64,3783.200
2026-03-19T22:30:00Z,N2EXMIDP,2026-03-19,46,0.00,0.000
2026-03-19T22:00:00Z,APXMIDP,2026-03-19,45,125.69,3188.400
2026-03-19T22:00:00Z,N2EXMIDP,2026-03-19,45,0.00,0.000
2026-03-19T21:30:00Z,APXMIDP,2026-03-19,44,129.82,3726.450
2026-03-19T21:30:00Z,N2EXMIDP,2026-03-19,44,0.00,0.000
2026-03-19T21:00:00Z,APXMIDP,2026-03-19,43,132.93,4292.800
2026-03-19T21:00:00Z,N2EXMIDP,2026-03-19,43,0.00,0.000
2026-03-19T20:30:00Z,APXMIDP,2026-03-19,42,129.18,3082.850
2026-03-19T20:30:00Z,N2EXMIDP,2026-03-19,42,0.00,0.000
2026-03-19T20:00:00Z,APXMIDP,2026-03-19,41,135.89,3830.500
2026-03-19T20:00:00Z,N2EXMIDP,2026-03-19,41,0.00,0.000
2026-03-19T19:30:00Z,APXMIDP,2026-03-19,40,141.12,3464.850
2026-03-19T19:30:00Z,N2EXMIDP,2026-03-19,40,0.00,0.000
2026-03-19T19:00:00Z,APXMIDP,2026-03-19,39,142.29,3869.800
2026-03-19T19:00:00Z,N2EXMIDP,2026-03-19,39,0.00,0.000
2026-03-19T18:30:00Z,APXMIDP,2026-03-19,38,169.13,4564.050
2026-03-19T18:30:00Z,N2EXMIDP,2026-03-19,38,0.00,0.000
2026-03-19T18:00:00Z,APXMIDP,2026-03-19,37,162.30,5357.950
2026-03-19T18:00:00Z,N2EXMIDP,2026-03-19,37,0.00,0.000
2026-03-19T17:30:00Z,APXMIDP,2026-03-19,36,154.72,5119.650
2026-03-19T17:30:00Z,N2EXMIDP,2026-03-19,36,0.00,0.000
2026-03-19T17:00:00Z,APXMIDP,2026-03-19,35,154.12,4018.500
2026-03-19T17:00:00Z,N2EXMIDP,2026-03-19,35,0.00,0.000
2026-03-19T16:30:00Z,APXMIDP,2026-03-19,34,131.43,3296.200
2026-03-19T16:30:00Z,N2EXMIDP,2026-03-19,34,0.00,0.000
2026-03-19T16:00:00Z,APXMIDP,2026-03-19,33,126.56,3939.050
2026-03-19T16:00:00Z,N2EXMIDP,2026-03-19,33,0.00,0.000
2026-03-19T15:30:00Z,APXMIDP,2026-03-19,32,119.32,3575.550
2026-03-19T15:30:00Z,N2EXMIDP,2026-03-19,32,0.00,0.000
2026-03-19T15:00:00Z,APXMIDP,2026-03-19,31,122.41,3620.150
2026-03-19T15:00:00Z,N2EXMIDP,2026-03-19,31,0.00,0.000
2026-03-19T14:30:00Z,APXMIDP,2026-03-19,30,109.62,4092.700
2026-03-19T14:30:00Z,N2EXMIDP,2026-03-19,30,0.00,0.000
2026-03-19T14:00:00Z,APXMIDP,2026-03-19,29,108.72,3949.450
2026-03-19T14:00:00Z,N2EXMIDP,2026-03-19,29,0.00,0.000
2026-03-19T13:30:00Z,APXMIDP,2026-03-19,28,110.19,4284.800
2026-03-19T13:30:00Z,N2EXMIDP,2026-03-19,28,0.00,0.000
2026-03-19T13:00:00Z,APXMIDP,2026-03-19,27,108.96,4935.350
2026-03-19T13:00:00Z,N2EXMIDP,2026-03-19,27,0.00,0.000
2026-03-19T12:30:00Z,APXMIDP,2026-03-19,26,106.47,4248.100
2026-03-19T12:30:00Z,N2EXMIDP,2026-03-19,26,0.00,0.000
2026-03-19T12:00:00Z,APXMIDP,2026-03-19,25,105.85,4130.200
2026-03-19T12:00:00Z,N2EXMIDP,2026-03-19,25,0.00,0.000
2026-03-19T11:30:00Z,APXMIDP,2026-03-19,24,105.70,4179.200
2026-03-19T11:30:00Z,N2EXMIDP,2026-03-19,24,0.00,0.000
2026-03-19T11:00:00Z,APXMIDP,2026-03-19,23,106.16,3563.650
2026-03-19T11:00:00Z,N2EXMIDP,2026-03-19,23,0.00,0.000
2026-03-19T10:30:00Z,APXMIDP,2026-03-19,22,108.17,3921.900
2026-03-19T10:30:00Z,N2EXMIDP,2026-03-19,22,0.00,0.000
2026-03-19T10:00:00Z,APXMIDP,2026-03-19,21,105.87,3260.900
2026-03-19T10:00:00Z,N2EXMIDP,2026-03-19,21,0.00,0.000
2026-03-19T09:30:00Z,APXMIDP,2026-03-19,20,109.87,3821.350
2026-03-19T09:30:00Z,N2EXMIDP,2026-03-19,20,0.00,0.000
2026-03-19T09:00:00Z,APXMIDP,2026-03-19,19,111.37,3703.500
2026-03-19T09:00:00Z,N2EXMIDP,2026-03-19,19,0.00,0.000
2026-03-19T08:30:00Z,APXMIDP,2026-03-19,18,105.42,2492.350
2026-03-19T08:30:00Z,N2EXMIDP,2026-03-19,18,0.00,0.000
2026-03-19T08:00:00Z,APXMIDP,2026-03-19,17,109.41,2157.900
2026-03-19T08:00:00Z,N2EXMIDP,2026-03-19,17,0.00,0.000
2026-03-19T07:30:00Z,APXMIDP,2026-03-19,16,122.61,2832.400
2026-03-19T07:30:00Z,N2EXMIDP,2026-03-19,16,0.00,0.000
2026-03-19T07:00:00Z,APXMIDP,2026-03-19,15,118.84,2480.950
2026-03-19T07:00:00Z,N2EXMIDP,2026-03-19,15,0.00,0.000
2026-03-19T06:30:00Z,APXMIDP,2026-03-19,14,143.17,2446.600
2026-03-19T06:30:00Z,N2EXMIDP,2026-03-19,14,0.00,0.000
2026-03-19T06:00:00Z,APXMIDP,2026-03-19,13,125.25,2205.500
2026-03-19T06:00:00Z,N2EXMIDP,2026-03-19,13,131.99,31.400
2026-03-19T05:30:00Z,APXMIDP,2026-03-19,12,113.99,1456.250
2026-03-19T05:30:00Z,N2EXMIDP,2026-03-19,12,0.00,0.000
2026-03-19T05:00:00Z,APXMIDP,2026-03-19,11,106.53,1799.300
2026-03-19T05:00:00Z,N2EXMIDP,2026-03-19,11,0.00,0.000
2026-03-19T04:30:00Z,APXMIDP,2026-03-19,10,101.73,1838.750
2026-03-19T04:30:00Z,N2EXMIDP,2026-03-19,10,0.00,0.000
2026-03-19T04:00:00Z,APXMIDP,2026-03-19,9,102.78,1829.900
2026-03-19T04:00:00Z,N2EXMIDP,2026-03-19,9,0.00,0.000
2026-03-19T03:30:00Z,APXMIDP,2026-03-19,8,99.51,1860.300
2026-03-19T03:30:00Z,N2EXMIDP,2026-03-19,8,0.00,0.000
2026-03-19T03:00:00Z,APXMIDP,2026-03-19,7,101.18,1604.100
2026-03-19T03:00:00Z,N2EXMIDP,2026-03-19,7,0.00,0.000
2026-03-19T02:30:00Z,APXMIDP,2026-03-19,6,96.46,1412.900
2026-03-19T02:30:00Z,N2EXMIDP,2026-03-19,6,0.00,0.000
2026-03-19T02:00:00Z,APXMIDP,2026-03-19,5,97.72,1677.250
2026-03-19T02:00:00Z,N2EXMIDP,2026-03-19,5,0.00,0.000
2026-03-19T01:30:00Z,APXMIDP,2026-03-19,4,97.04,1743.100
2026-03-19T01:30:00Z,N2EXMIDP,2026-03-19,4,0.00,0.000
2026-03-19T01:00:00Z,APXMIDP,2026-03-19,3,98.64,1402.450
2026-03-19T01:00:00Z,N2EXMIDP,2026-03-19,3,0.00,0.000
2026-03-19T00:30:00Z,APXMIDP,2026-03-19,2,96.36,1933.150
2026-03-19T00:30:00Z,N2EXMIDP,2026-03-19,2,0.00,0.000
2026-03-19T00:00:00Z,APXMIDP,2026-03-19,1,96.22,1839.900
2026-03-19T00:00:00Z,N2EXMIDP,2026-03-19,1,0.00,0.000
2026-03-18T23:30:00Z,APXMIDP,2026-03-18,48,97.14,2062.500
2026-03-18T23:30:00Z,N2EXMIDP,2026-03-18,48,0.00,0.000
2026-03-18T23:00:00Z,APXMIDP,2026-03-18,47,99.21,2013.850
2026-03-18T23:00:00Z,N2EXMIDP,2026-03-18,47,0.00,0.000
2026-03-18T22:30:00Z,APXMIDP,2026-03-18,46,111.02,3368.700
2026-03-18T22:30:00Z,N2EXMIDP,2026-03-18,46,0.00,0.000
2026-03-18T22:00:00Z,APXMIDP,2026-03-18,45,103.95,2031.200
2026-03-18T22:00:00Z,N2EXMIDP,2026-03-18,45,0.00,0.000
2026-03-18T21:30:00Z,APXMIDP,2026-03-18,44,106.96,1832.700
2026-03-18T21:30:00Z,N2EXMIDP,2026-03-18,44,0.00,0.000
2026-03-18T21:00:00Z,APXMIDP,2026-03-18,43,110.25,2014.900
2026-03-18T21:00:00Z,N2EXMIDP,2026-03-18,43,0.00,0.000
2026-03-18T20:30:00Z,APXMIDP,2026-03-18,42,115.60,2267.350
2026-03-18T20:30:00Z,N2EXMIDP,2026-03-18,42,0.00,0.000
2026-03-18T20:00:00Z,APXMIDP,2026-03-18,41,131.45,2587.750
2026-03-18T20:00:00Z,N2EXMIDP,2026-03-18,41,0.00,0.000
2026-03-18T19:30:00Z,APXMIDP,2026-03-18,40,135.08,3083.700
2026-03-18T19:30:00Z,N2EXMIDP,2026-03-18,40,0.00,0.000
2026-03-18T19:00:00Z,APXMIDP,2026-03-18,39,147.73,2623.300
2026-03-18T19:00:00Z,N2EXMIDP,2026-03-18,39,0.00,0.000
2026-03-18T18:30:00Z,APXMIDP,2026-03-18,38,152.55,3440.350
2026-03-18T18:30:00Z,N2EXMIDP,2026-03-18,38,0.00,0.000
2026-03-18T18:00:00Z,APXMIDP,2026-03-18,37,141.52,3414.550
2026-03-18T18:00:00Z,N2EXMIDP,2026-03-18,37,0.00,0.000
2026-03-18T17:30:00Z,APXMIDP,2026-03-18,36,146.45,3541.350
2026-03-18T17:30:00Z,N2EXMIDP,2026-03-18,36,0.00,0.000
2026-03-18T17:00:00Z,APXMIDP,2026-03-18,35,140.72,3469.100
2026-03-18T17:00:00Z,N2EXMIDP,2026-03-18,35,0.00,0.000
2026-03-18T16:30:00Z,APXMIDP,2026-03-18,34,123.27,3148.600
2026-03-18T16:30:00Z,N2EXMIDP,2026-03-18,34,0.00,0.000
2026-03-18T16:00:00Z,APXMIDP,2026-03-18,33,102.99,4465.000
2026-03-18T16:00:00Z,N2EXMIDP,2026-03-18,33,0.00,0.000
2026-03-18T15:30:00Z,APXMIDP,2026-03-18,32,75.26,4807.900
2026-03-18T15:30:00Z,N2EXMIDP,2026-03-18,32,0.00,0.000
2026-03-18T15:00:00Z,APXMIDP,2026-03-18,31,86.46,3336.000
2026-03-18T15:00:00Z,N2EXMIDP,2026-03-18,31,0.00,0.000
2026-03-18T14:30:00Z,APXMIDP,2026-03-18,30,91.15,4718.350
2026-03-18T14:30:00Z,N2EXMIDP,2026-03-18,30,0.00,0.000
2026-03-18T14:00:00Z,APXMIDP,2026-03-18,29,89.63,4395.250
2026-03-18T14:00:00Z,N2EXMIDP,2026-03-18,29,0.00,0.000
2026-03-18T13:30:00Z,APXMIDP,2026-03-18,28,90.17,4441.600
2026-03-18T13:30:00Z,N2EXMIDP,2026-03-18,28,0.00,0.000
2026-03-18T13:00:00Z,APXMIDP,2026-03-18,27,93.31,4309.700
2026-03-18T13:00:00Z,N2EXMIDP,2026-03-18,27,0.00,0.000
2026-03-18T12:30:00Z,APXMIDP,2026-03-18,26,94.44,3863.050
2026-03-18T12:30:00Z,N2EXMIDP,2026-03-18,26,0.00,0.000
2026-03-18T12:00:00Z,APXMIDP,2026-03-18,25,105.28,3727.550
2026-03-18T12:00:00Z,N2EXMIDP,2026-03-18,25,0.00,0.000
2026-03-18T11:30:00Z,APXMIDP,2026-03-18,24,100.74,3365.400
2026-03-18T11:30:00Z,N2EXMIDP,2026-03-18,24,0.00,0.000
2026-03-18T11:00:00Z,APXMIDP,2026-03-18,23,105.66,3253.400
2026-03-18T11:00:00Z,N2EXMIDP,2026-03-18,23,0.00,0.000
2026-03-18T10:30:00Z,APXMIDP,2026-03-18,22,108.88,4285.200
2026-03-18T10:30:00Z,N2EXMIDP,2026-03-18,22,0.00,0.000
2026-03-18T10:00:00Z,APXMIDP,2026-03-18,21,116.86,4135.200
2026-03-18T10:00:00Z,N2EXMIDP,2026-03-18,21,0.00,0.000
2026-03-18T09:30:00Z,APXMIDP,2026-03-18,20,118.07,4151.200
2026-03-18T09:30:00Z,N2EXMIDP,2026-03-18,20,0.00,0.000
2026-03-18T09:00:00Z,APXMIDP,2026-03-18,19,125.25,3216.050
2026-03-18T09:00:00Z,N2EXMIDP,2026-03-18,19,0.00,0.000
2026-03-18T08:30:00Z,APXMIDP,2026-03-18,18,133.37,2566.100
2026-03-18T08:30:00Z,N2EXMIDP,2026-03-18,18,0.00,0.000
2026-03-18T08:00:00Z,APXMIDP,2026-03-18,17,137.99,2660.400
2026-03-18T08:00:00Z,N2EXMIDP,2026-03-18,17,0.00,0.000
2026-03-18T07:30:00Z,APXMIDP,2026-03-18,16,137.16,2554.450
2026-03-18T07:30:00Z,N2EXMIDP,2026-03-18,16,0.00,0.000
2026-03-18T07:00:00Z,APXMIDP,2026-03-18,15,133.19,2202.150
2026-03-18T07:00:00Z,N2EXMIDP,2026-03-18,15,0.00,0.000
2026-03-18T06:30:00Z,APXMIDP,2026-03-18,14,126.86,2163.350
2026-03-18T06:30:00Z,N2EXMIDP,2026-03-18,14,0.00,0.000
2026-03-18T06:00:00Z,APXMIDP,2026-03-18,13,113.12,1870.450
2026-03-18T06:00:00Z,N2EXMIDP,2026-03-18,13,0.00,0.000
2026-03-18T05:30:00Z,APXMIDP,2026-03-18,12,107.96,2014.150
2026-03-18T05:30:00Z,N2EXMIDP,2026-03-18,12,0.00,0.000
2026-03-18T05:00:00Z,APXMIDP,2026-03-18,11,102.43,2132.750
2026-03-18T05:00:00Z,N2EXMIDP,2026-03-18,11,0.00,0.000
2026-03-18T04:30:00Z,APXMIDP,2026-03-18,10,94.64,2492.200
2026-03-18T04:30:00Z,N2EXMIDP,2026-03-18,10,0.00,0.000
2026-03-18T04:00:00Z,APXMIDP,2026-03-18,9,96.90,2267.100
2026-03-18T04:00:00Z,N2EXMIDP,2026-03-18,9,0.00,0.000
2026-03-18T03:30:00Z,APXMIDP,2026-03-18,8,95.98,2163.200
2026-03-18T03:30:00Z,N2EXMIDP,2026-03-18,8,0.00,0.000
2026-03-18T03:00:00Z,APXMIDP,2026-03-18,7,92.29,2196.000
2026-03-18T03:00:00Z,N2EXMIDP,2026-03-18,7,0.00,0.000
2026-03-18T02:30:00Z,APXMIDP,2026-03-18,6,93.94,2366.250
2026-03-18T02:30:00Z,N2EXMIDP,2026-03-18,6,0.00,0.000
2026-03-18T02:00:00Z,APXMIDP,2026-03-18,5,89.54,2013.400
2026-03-18T02:00:00Z,N2EXMIDP,2026-03-18,5,0.00,0.000
2026-03-18T01:30:00Z,APXMIDP,2026-03-18,4,91.41,1982.800
2026-03-18T01:30:00Z,N2EXMIDP,2026-03-18,4,0.00,0.000
2026-03-18T01:00:00Z,APXMIDP,2026-03-18,3,90.68,2115.700
2026-03-18T01:00:00Z,N2EXMIDP,2026-03-18,3,0.00,0.000
2026-03-18T00:30:00Z,APXMIDP,2026-03-18,2,95.37,2481.800
2026-03-18T00:30:00Z,N2EXMIDP,2026-03-18,2,0.00,0.000
2026-03-18T00:00:00Z,APXMIDP,2026-03-18,1,80.56,2160.150
2026-03-18T00:00:00Z,N2EXMIDP,2026-03-18,1,0.00,0.000
2026-03-17T23:30:00Z,APXMIDP,2026-03-17,48,81.55,1705.850
2026-03-17T23:30:00Z,N2EXMIDP,2026-03-17,48,0.00,0.000
2026-03-17T23:00:00Z,APXMIDP,2026-03-17,47,83.60,1803.950
2026-03-17T23:00:00Z,N2EXMIDP,2026-03-17,47,0.00,0.000
2026-03-17T22:30:00Z,APXMIDP,2026-03-17,46,85.24,3209.450
2026-03-17T22:30:00Z,N2EXMIDP,2026-03-17,46,0.00,0.000
2026-03-17T22:00:00Z,APXMIDP,2026-03-17,45,86.75,2621.150
2026-03-17T22:00:00Z,N2EXMIDP,2026-03-17,45,0.00,0.000
2026-03-17T21:30:00Z,APXMIDP,2026-03-17,44,91.39,2667.150
2026-03-17T21:30:00Z,N2EXMIDP,2026-03-17,44,0.00,0.000
2026-03-17T21:00:00Z,APXMIDP,2026-03-17,43,105.59,2702.350
2026-03-17T21:00:00Z,N2EXMIDP,2026-03-17,43,0.00,0.000
2026-03-17T20:30:00Z,APXMIDP,2026-03-17,42,108.52,2616.500
2026-03-17T20:30:00Z,N2EXMIDP,2026-03-17,42,0.00,0.000
2026-03-17T20:00:00Z,APXMIDP,2026-03-17,41,113.55,2894.900
2026-03-17T20:00:00Z,N2EXMIDP,2026-03-17,41,0.00,0.000
2026-03-17T19:30:00Z,APXMIDP,2026-03-17,40,128.14,2720.700
2026-03-17T19:30:00Z,N2EXMIDP,2026-03-17,40,0.00,0.000
2026-03-17T19:00:00Z,APXMIDP,2026-03-17,39,129.51,2692.800
2026-03-17T19:00:00Z,N2EXMIDP,2026-03-17,39,0.00,0.000
2026-03-17T18:30:00Z,APXMIDP,2026-03-17,38,135.51,4031.050
2026-03-17T18:30:00Z,N2EXMIDP,2026-03-17,38,0.00,0.000
2026-03-17T18:00:00Z,APXMIDP,2026-03-17,37,130.58,4613.400
2026-03-17T18:00:00Z,N2EXMIDP,2026-03-17,37,0.00,0.000
2026-03-17T17:30:00Z,APXMIDP,2026-03-17,36,125.30,3492.800
2026-03-17T17:30:00Z,N2EXMIDP,2026-03-17,36,0.00,0.000
2026-03-17T17:00:00Z,APXMIDP,2026-03-17,35,117.32,3556.600
2026-03-17T17:00:00Z,N2EXMIDP,2026-03-17,35,0.00,0.000
2026-03-17T16:30:00Z,APXMIDP,2026-03-17,34,104.77,3678.000
2026-03-17T16:30:00Z,N2EXMIDP,2026-03-17,34,0.00,0.000
2026-03-17T16:00:00Z,APXMIDP,2026-03-17,33,93.89,3523.600
2026-03-17T16:00:00Z,N2EXMIDP,2026-03-17,33,0.00,0.000
2026-03-17T15:30:00Z,APXMIDP,2026-03-17,32,81.91,4139.000
2026-03-17T15:30:00Z,N2EXMIDP,2026-03-17,32,0.00,0.000
2026-03-17T15:00:00Z,APXMIDP,2026-03-17,31,69.52,4203.100
2026-03-17T15:00:00Z,N2EXMIDP,2026-03-17,31,0.00,0.000
2026-03-17T14:30:00Z,APXMIDP,2026-03-17,30,45.80,4338.600
2026-03-17T14:30:00Z,N2EXMIDP,2026-03-17,30,0.00,0.000
2026-03-17T14:00:00Z,APXMIDP,2026-03-17,29,44.14,4072.400
2026-03-17T14:00:00Z,N2EXMIDP,2026-03-17,29,0.00,0.000
2026-03-17T13:30:00Z,APXMIDP,2026-03-17,28,40.00,4040.850
2026-03-17T13:30:00Z,N2EXMIDP,2026-03-17,28,0.00,0.000
2026-03-17T13:00:00Z,APXMIDP,2026-03-17,27,34.42,3603.650
2026-03-17T13:00:00Z,N2EXMIDP,2026-03-17,27,0.00,0.000
2026-03-17T12:30:00Z,APXMIDP,2026-03-17,26,28.83,3949.900
2026-03-17T12:30:00Z,N2EXMIDP,2026-03-17,26,0.00,0.000
2026-03-17T12:00:00Z,APXMIDP,2026-03-17,25,33.24,4149.600
2026-03-17T12:00:00Z,N2EXMIDP,2026-03-17,25,0.00,0.000
2026-03-17T11:30:00Z,APXMIDP,2026-03-17,24,32.72,3564.500
2026-03-17T11:30:00Z,N2EXMIDP,2026-03-17,24,0.00,0.000
