time,temperature_2m,wind_speed_10m,cloud_cover
2026-03-01T00:00,4.2,13.1,6
2026-03-01T01:00,4.5,14.8,63
2026-03-01T02:00,4.8,15.5,100
2026-03-01T03:00,6.1,15.5,100
2026-03-01T04:00,6.7,15.9,100
2026-03-01T05:00,6.8,14.8,100
2026-03-01T06:00,7.1,15.9,100
2026-03-01T07:00,7.2,15.7,100
2026-03-01T08:00,7.0,15.2,100
2026-03-01T09:00,7.8,17.1,49
2026-03-01T10:00,9.4,22.0,41
2026-03-01T11:00,10.8,23.9,100
2026-03-01T12:00,10.6,18.5,100
2026-03-01T13:00,11.3,24.6,98
2026-03-01T14:00,11.9,25.8,71
2026-03-01T15:00,12.2,21.5,89
2026-03-01T16:00,12.1,21.0,100
2026-03-01T17:00,11.4,21.7,100
2026-03-01T18:00,10.8,22.9,100
2026-03-01T19:00,10.4,25.4,100
2026-03-01T20:00,9.9,24.7,100
2026-03-01T21:00,10.1,24.7,100
2026-03-01T22:00,9.9,25.3,100
2026-03-01T23:00,9.8,26.3,100
2026-03-02T00:00,9.4,25.3,100
2026-03-02T01:00,9.2,24.7,100
2026-03-02T02:00,9.1,24.0,100
2026-03-02T03:00,8.8,23.5,99
2026-03-02T04:00,8.2,22.2,95
2026-03-02T05:00,7.9,21.5,97
2026-03-02T06:00,7.6,19.6,99
2026-03-02T07:00,7.6,18.8,96
2026-03-02T08:00,7.9,17.7,99
2026-03-02T09:00,9.3,14.1,100
2026-03-02T10:00,10.5,20.5,94
2026-03-02T11:00,11.9,24.0,83
2026-03-02T12:00,12.5,22.9,83
2026-03-02T13:00,13.6,22.9,91
2026-03-02T14:00,13.9,21.4,83
2026-03-02T15:00,14.4,22.3,49
2026-03-02T16:00,13.9,17.6,23
2026-03-02T17:00,12.9,12.5,25
2026-03-02T18:00,11.4,10.3,19
2026-03-02T19:00,10.8,8.3,80
2026-03-02T20:00,10.0,4.7,100
2026-03-02T21:00,9.4,2.9,28
2026-03-02T22:00,8.8,8.1,100
2026-03-02T23:00,8.8,7.5,100
2026-03-03T00:00,8.2,5.9,100
2026-03-03T01:00,8.3,4.5,100
2026-03-03T02:00,8.1,5.4,100
2026-03-03T03:00,8.0,6.5,100
2026-03-03T04:00,7.9,7.3,100
2026-03-03T05:00,7.4,6.1,100
2026-03-03T06:00,6.9,6.8,100
2026-03-03T07:00,6.7,5.6,100
2026-03-03T08:00,7.1,7.1,88
2026-03-03T09:00,8.0,7.3,66
2026-03-03T10:00,8.9,9.5,100
2026-03-03T11:00,9.4,10.8,100
2026-03-03T12:00,9.1,10.3,100
2026-03-03T13:00,10.3,10.1,100
2026-03-03T14:00,10.6,9.7,100
2026-03-03T15:00,10.8,9.0,100
2026-03-03T16:00,10.4,8.8,100
2026-03-03T17:00,9.9,8.7,100
2026-03-03T18:00,9.2,8.4,100
2026-03-03T19:00,9.1,8.9,100
2026-03-03T20:00,8.5,10.3,100
2026-03-03T21:00,7.8,9.6,100
2026-03-03T22:00,7.3,8.9,100
2026-03-03T23:00,7.0,8.6,100
2026-03-04T00:00,6.8,8.1,89
2026-03-04T01:00,6.7,7.8,97
2026-03-04T02:00,6.4,7.8,9
2026-03-04T03:00,5.8,8.4,0
2026-03-04T04:00,5.2,8.7,0
2026-03-04T05:00,4.8,8.5,0
2026-03-04T06:00,4.3,8.7,0
2026-03-04T07:00,4.2,8.1,0
2026-03-04T08:00,4.8,8.9,0
2026-03-04T09:00,6.2,7.0,0
2026-03-04T10:00,8.0,7.2,1
2026-03-04T11:00,9.8,8.1,0
2026-03-04T12:00,10.3,8.8,0
2026-03-04T13:00,11.4,9.3,0
2026-03-04T14:00,12.1,9.3,0
2026-03-04T15:00,12.6,10.0,0
2026-03-04T16:00,12.5,10.6,0
2026-03-04T17:00,11.8,10.2,0
2026-03-04T18:00,10.4,11.8,0
2026-03-04T19:00,9.5,12.5,0
2026-03-04T20:00,8.9,12.5,0
2026-03-04T21:00,8.4,13.3,0
2026-03-04T22:00,8.1,13.8,0
2026-03-04T23:00,7.7,14.2,0
2026-03-05T00:00,7.2,14.0,0
2026-03-05T01:00,6.8,13.0,0
2026-03-05T02:00,6.7,12.2,0
2026-03-05T03:00,6.5,12.5,0
2026-03-05T04:00,6.3,11.9,0
2026-03-05T05:00,6.2,12.1,0
2026-03-05T06:00,5.6,11.0,0
2026-03-05T07:00,5.4,10.1,0
2026-03-05T08:00,6.2,9.8,0
2026-03-05T09:00,7.8,8.3,0
2026-03-05T10:00,9.6,8.4,0
2026-03-05T11:00,11.4,9.1,0
2026-03-05T12:00,13.1,9.7,6
2026-03-05T13:00,14.4,10.0,40
2026-03-05T14:00,15.2,11.6,0
2026-03-05T15:00,15.3,12.9,0
2026-03-05T16:00,15.1,12.3,3
2026-03-05T17:00,14.2,9.8,44
2026-03-05T18:00,12.9,7.6,78
2026-03-05T19:00,12.6,8.3,99
2026-03-05T20:00,11.9,10.1,100
2026-03-05T21:00,11.6,8.5,98
2026-03-05T22:00,10.4,7.9,55
2026-03-05T23:00,9.1,12.5,100
2026-03-06T00:00,6.7,15.2,100
2026-03-06T01:00,5.7,14.8,100
2026-03-06T02:00,5.6,13.9,100
2026-03-06T03:00,5.3,13.0,100
2026-03-06T04:00,4.8,13.7,100
2026-03-06T05:00,4.8,13.4,100
2026-03-06T06:00,4.3,14.4,100
2026-03-06T07:00,4.8,12.9,100
2026-03-06T08:00,4.8,13.8,100
2026-03-06T09:00,5.2,11.3,100
2026-03-06T10:00,5.9,11.8,100
2026-03-06T11:00,6.7,10.4,100
2026-03-06T12:00,6.3,10.2,100
2026-03-06T13:00,6.8,10.1,100
2026-03-06T14:00,7.0,8.8,100
2026-03-06T15:00,7.4,10.3,100
2026-03-06T16:00,7.5,10.7,100
2026-03-06T17:00,7.2,9.8,100
2026-03-06T18:00,6.8,7.4,100
2026-03-06T19:00,6.5,5.6,100
2026-03-06T20:00,6.3,4.5,100
2026-03-06T21:00,5.8,5.6,26
2026-03-06T22:00,5.2,5.1,66
2026-03-06T23:00,4.8,4.6,100
2026-03-07T00:00,5.0,4.6,100
2026-03-07T01:00,4.9,4.5,98
2026-03-07T02:00,4.8,4.5,96
2026-03-07T03:00,4.6,4.5,99
2026-03-07T04:00,4.2,5.4,55
2026-03-07T05:00,4.1,4.4,50
2026-03-07T06:00,4.2,4.1,98
2026-03-07T07:00,4.6,5.0,100
2026-03-07T08:00,5.0,6.5,100
2026-03-07T09:00,5.4,6.8,100
2026-03-07T10:00,5.9,6.7,100
2026-03-07T11:00,6.4,7.2,100
2026-03-07T12:00,6.4,8.1,100
2026-03-07T13:00,6.8,8.5,100
2026-03-07T14:00,7.3,9.4,100
2026-03-07T15:00,7.6,8.8,100
2026-03-07T16:00,7.8,8.5,100
2026-03-07T17:00,7.7,7.9,100
2026-03-07T18:00,7.2,5.2,100
2026-03-07T19:00,6.9,5.1,100
2026-03-07T20:00,6.8,4.8,100
2026-03-07T21:00,6.7,4.8,100
2026-03-07T22:00,6.7,4.8,100
2026-03-07T23:00,6.7,3.9,100
2026-03-08T00:00,7.1,3.9,100
2026-03-08T01:00,7.1,4.0,100
2026-03-08T02:00,7.1,3.4,100
2026-03-08T03:00,7.0,2.2,100
2026-03-08T04:00,6.8,3.2,100
2026-03-08T05:00,6.6,4.4,100
2026-03-08T06:00,6.9,5.4,100
2026-03-08T07:00,6.9,6.5,100
2026-03-08T08:00,7.3,9.1,100
2026-03-08T09:00,7.9,8.1,100
2026-03-08T10:00,8.7,9.1,100
2026-03-08T11:00,9.4,9.1,100
2026-03-08T12:00,9.3,9.9,100
2026-03-08T13:00,9.6,9.5,100
2026-03-08T14:00,9.9,9.7,100
2026-03-08T15:00,10.1,9.7,100
2026-03-08T16:00,10.2,9.9,100
2026-03-08T17:00,9.9,8.8,100
2026-03-08T18:00,9.0,6.9,100
2026-03-08T19:00,8.7,7.3,100
2026-03-08T20:00,8.5,7.4,100
2026-03-08T21:00,8.4,7.5,100
2026-03-08T22:00,8.2,7.5,100
2026-03-08T23:00,8.1,8.0,100
2026-03-09T00:00,8.4,6.9,48
2026-03-09T01:00,7.7,7.2,100
2026-03-09T02:00,7.5,6.7,100
2026-03-09T03:00,7.2,6.8,100
2026-03-09T04:00,7.0,7.7,100
2026-03-09T05:00,6.8,8.4,100
2026-03-09T06:00,6.6,7.7,100
2026-03-09T07:00,6.5,7.8,100
2026-03-09T08:00,6.6,8.4,100
2026-03-09T09:00,7.1,8.1,100
2026-03-09T10:00,8.1,8.4,100
2026-03-09T11:00,8.9,8.6,100
2026-03-09T12:00,8.4,8.5,100
2026-03-09T13:00,9.1,9.0,100
2026-03-09T14:00,9.2,10.6,100
2026-03-09T15:00,9.5,11.0,100
2026-03-09T16:00,9.9,12.0,100
2026-03-09T17:00,10.1,5.4,33
2026-03-09T18:00,9.1,5.6,23
2026-03-09T19:00,8.4,7.7,40
2026-03-09T20:00,7.9,8.7,16
2026-03-09T21:00,7.8,9.7,62
2026-03-09T22:00,8.0,10.8,43
2026-03-09T23:00,7.8,11.8,37
2026-03-10T00:00,7.8,13.3,100
2026-03-10T01:00,7.4,12.1,55
2026-03-10T02:00,6.8,11.2,82
2026-03-10T03:00,6.3,10.3,93
2026-03-10T04:00,5.7,10.6,94
2026-03-10T05:00,5.3,11.0,100
2026-03-10T06:00,5.2,11.7,95
2026-03-10T07:00,4.9,11.2,100
2026-03-10T08:00,5.6,10.5,100
2026-03-10T09:00,6.4,13.0,100
2026-03-10T10:00,7.8,18.5,98
2026-03-10T11:00,8.8,20.7,99
2026-03-10T12:00,9.4,20.2,68
2026-03-10T13:00,10.1,22.3,100
2026-03-10T14:00,10.4,22.0,100
2026-03-10T15:00,10.3,23.5,100
2026-03-10T16:00,10.1,20.7,100
2026-03-10T17:00,9.6,21.1,100
2026-03-10T18:00,9.1,21.7,100
2026-03-10T19:00,8.9,23.3,100
2026-03-10T20:00,8.8,24.8,100
2026-03-10T21:00,8.7,26.0,100
2026-03-10T22:00,8.9,27.9,100
2026-03-10T23:00,9.1,28.4,100
2026-03-11T00:00,9.1,25.1,100
2026-03-11T01:00,9.4,22.9,100
2026-03-11T02:00,9.4,21.0,100
2026-03-11T03:00,9.4,17.9,100
2026-03-11T04:00,8.7,17.8,12
2026-03-11T05:00,7.6,18.3,41
2026-03-11T06:00,6.9,18.1,55
2026-03-11T07:00,6.5,16.3,15
2026-03-11T08:00,6.8,17.0,16
2026-03-11T09:00,7.7,17.0,9
2026-03-11T10:00,8.6,20.2,14
2026-03-11T11:00,9.3,20.7,16
2026-03-11T12:00,9.9,19.7,15
2026-03-11T13:00,10.4,22.1,47
2026-03-11T14:00,10.4,22.3,29
2026-03-11T15:00,10.1,20.9,41
2026-03-11T16:00,9.6,16.5,2
2026-03-11T17:00,9.1,16.2,26
2026-03-11T18:00,8.1,12.7,59
2026-03-11T19:00,7.2,10.6,29
2026-03-11T20:00,6.4,12.3,48
2026-03-11T21:00,6.2,15.8,99
2026-03-11T22:00,5.8,16.2,16
2026-03-11T23:00,5.8,18.0,27
2026-03-12T00:00,6.1,19.3,83
2026-03-12T01:00,6.4,20.4,96
2026-03-12T02:00,6.3,20.2,90
2026-03-12T03:00,6.6,22.6,97
2026-03-12T04:00,6.7,25.6,100
2026-03-12T05:00,6.8,26.6,100
2026-03-12T06:00,7.4,28.1,100
2026-03-12T07:00,7.6,27.4,100
2026-03-12T08:00,8.2,28.5,100
2026-03-12T09:00,8.8,28.2,100
2026-03-12T10:00,9.1,26.9,100
2026-03-12T11:00,9.5,26.5,100
2026-03-12T12:00,10.1,36.1,100
2026-03-12T13:00,11.2,43.0,100
2026-03-12T14:00,11.0,35.6,100
2026-03-12T15:00,11.0,30.3,100
2026-03-12T16:00,10.9,33.4,100
2026-03-12T17:00,10.8,33.1,100
2026-03-12T18:00,10.6,29.9,100
2026-03-12T19:00,10.8,32.2,100
2026-03-12T20:00,10.4,31.5,100
2026-03-12T21:00,10.1,27.9,100
2026-03-12T22:00,10.2,31.8,100
2026-03-12T23:00,9.6,28.3,100
2026-03-13T00:00,8.4,25.4,100
2026-03-13T01:00,6.9,26.9,100
2026-03-13T02:00,4.8,21.4,100
2026-03-13T03:00,4.3,18.2,100
2026-03-13T04:00,4.6,21.7,20
2026-03-13T05:00,4.2,22.7,2
2026-03-13T06:00,3.7,23.0,35
2026-03-13T07:00,3.2,20.3,19
2026-03-13T08:00,3.8,18.2,94
2026-03-13T09:00,5.0,20.5,41
2026-03-13T10:00,6.3,22.5,40
2026-03-13T11:00,7.3,23.8,45
2026-03-13T12:00,7.9,22.8,43
2026-03-13T13:00,7.2,23.5,89
2026-03-13T14:00,7.7,17.2,54
2026-03-13T15:00,7.4,18.9,41
2026-03-13T16:00,6.9,19.2,45
2026-03-13T17:00,5.7,13.7,65
2026-03-13T18:00,4.8,12.6,100
2026-03-13T19:00,4.6,11.7,100
2026-03-13T20:00,3.8,12.3,95
2026-03-13T21:00,3.2,12.4,100
2026-03-13T22:00,2.2,13.7,100
2026-03-13T23:00,2.0,11.9,99
2026-03-14T00:00,1.9,10.8,100
2026-03-14T01:00,0.2,4.3,100
2026-03-14T02:00,1.1,7.9,100
2026-03-14T03:00,1.8,10.4,14
2026-03-14T04:00,1.6,12.1,60
2026-03-14T05:00,1.5,13.1,78
2026-03-14T06:00,1.6,12.6,91
2026-03-14T07:00,1.5,12.7,54
2026-03-14T08:00,2.3,10.4,95
2026-03-14T09:00,3.3,6.3,60
2026-03-14T10:00,5.8,11.6,67
2026-03-14T11:00,6.9,12.3,15
2026-03-14T12:00,8.5,11.3,9
2026-03-14T13:00,9.1,10.7,5
2026-03-14T14:00,9.4,10.3,9
2026-03-14T15:00,9.3,9.4,12
2026-03-14T16:00,8.9,8.9,15
2026-03-14T17:00,8.2,7.2,10
2026-03-14T18:00,6.8,4.3,2
2026-03-14T19:00,6.2,5.5,3
2026-03-14T20:00,5.2,4.5,2
2026-03-14T21:00,4.7,7.6,21
2026-03-14T22:00,4.2,7.8,19
2026-03-14T23:00,3.8,6.9,17
2026-03-15T00:00,4.0,6.8,56
2026-03-15T01:00,3.7,9.4,97
2026-03-15T02:00,3.3,10.9,100
2026-03-15T03:00,3.2,12.2,100
2026-03-15T04:00,3.5,12.2,100
2026-03-15T05:00,3.7,12.7,98
2026-03-15T06:00,4.1,15.8,20
2026-03-15T07:00,4.2,17.5,10
2026-03-15T08:00,5.2,14.8,84
2026-03-15T09:00,6.1,18.4,100
2026-03-15T10:00,6.4,20.7,91
2026-03-15T11:00,8.4,25.5,73
2026-03-15T12:00,10.0,31.5,100
2026-03-15T13:00,9.4,26.4,100
2026-03-15T14:00,9.1,25.7,100
2026-03-15T15:00,9.1,25.7,100
2026-03-15T16:00,8.1,18.4,98
2026-03-15T17:00,7.8,19.6,100
2026-03-15T18:00,7.5,19.9,5
2026-03-15T19:00,6.3,17.8,12
2026-03-15T20:00,5.7,17.0,32
2026-03-15T21:00,5.3,17.8,79
2026-03-15T22:00,4.9,18.3,38
2026-03-15T23:00,4.5,18.0,43
2026-03-16T00:00,4.3,17.4,58
2026-03-16T01:00,4.3,17.2,100
2026-03-16T02:00,4.4,16.6,81
2026-03-16T03:00,4.1,15.9,96
2026-03-16T04:00,4.0,16.0,69
2026-03-16T05:00,4.0,15.7,99
2026-03-16T06:00,4.2,15.3,100
2026-03-16T07:00,4.4,14.1,100
2026-03-16T08:00,5.5,15.1,44
2026-03-16T09:00,6.9,14.6,70
2026-03-16T10:00,8.3,20.1,80
2026-03-16T11:00,9.0,19.3,100
2026-03-16T12:00,8.9,16.9,100
2026-03-16T13:00,9.8,16.9,100
2026-03-16T14:00,9.5,15.6,100
2026-03-16T15:00,9.1,15.3,100
2026-03-16T16:00,8.9,15.6,100
2026-03-16T17:00,8.9,18.5,100
2026-03-16T18:00,9.3,20.0,100
2026-03-16T19:00,9.1,19.8,100
2026-03-16T20:00,9.1,20.6,100
2026-03-16T21:00,9.2,19.9,100
2026-03-16T22:00,9.2,19.7,100
2026-03-16T23:00,9.3,19.5,98
2026-03-17T00:00,9.0,18.4,100
2026-03-17T01:00,9.1,18.5,100
2026-03-17T02:00,9.3,18.5,100
2026-03-17T03:00,9.1,18.9,100
2026-03-17T04:00,8.7,19.4,100
2026-03-17T05:00,8.9,20.2,100
2026-03-17T06:00,8.8,20.2,100
2026-03-17T07:00,8.6,18.7,100
2026-03-17T08:00,9.0,20.5,100
2026-03-17T09:00,9.5,22.8,77
2026-03-17T10:00,10.6,24.1,70
2026-03-17T11:00,11.8,21.2,38
2026-03-17T12:00,12.8,18.8,4
2026-03-17T13:00,13.4,18.6,2
2026-03-17T14:00,13.9,18.2,2
2026-03-17T15:00,14.1,18.5,0
2026-03-17T16:00,13.8,19.3,1
2026-03-17T17:00,12.9,18.2,1
2026-03-17T18:00,11.9,17.1,0
2026-03-17T19:00,10.4,16.8,0
2026-03-17T20:00,9.6,16.8,0
2026-03-17T21:00,9.0,15.3,0
2026-03-17T22:00,8.4,13.1,0
2026-03-17T23:00,7.9,11.7,0
2026-03-18T00:00,7.3,10.3,0
2026-03-18T01:00,7.2,9.2,0
2026-03-18T02:00,6.9,8.2,0
2026-03-18T03:00,6.6,7.8,0
2026-03-18T04:00,6.4,8.2,0
2026-03-18T05:00,6.1,8.6,0
2026-03-18T06:00,5.6,6.4,0
2026-03-18T07:00,5.8,6.1,0
2026-03-18T08:00,7.2,6.8,0
2026-03-18T09:00,9.4,6.1,0
2026-03-18T10:00,11.4,7.4,0
2026-03-18T11:00,13.3,8.5,0
2026-03-18T12:00,15.4,9.2,0
2026-03-18T13:00,16.5,9.2,0
2026-03-18T14:00,17.1,9.8,0
2026-03-18T15:00,17.3,10.4,1
2026-03-18T16:00,17.1,9.8,26
2026-03-18T17:00,16.3,7.6,38
2026-03-18T18:00,15.1,8.1,18
2026-03-18T19:00,13.8,9.7,0
2026-03-18T20:00,12.5,11.4,0
2026-03-18T21:00,11.1,11.5,18
2026-03-18T22:00,9.7,10.8,37
2026-03-18T23:00,8.6,10.3,49
2026-03-19T00:00,7.4,9.8,38
2026-03-19T01:00,6.5,7.3,0
2026-03-19T02:00,5.5,5.0,0
2026-03-19T03:00,4.8,4.4,0
2026-03-19T04:00,4.2,5.3,0
2026-03-19T05:00,3.8,6.0,0
2026-03-19T06:00,3.3,5.6,0
2026-03-19T07:00,3.7,6.3,5
2026-03-19T08:00,5.3,7.1,16
2026-03-19T09:00,7.6,4.9,9
2026-03-19T10:00,9.7,5.8,3
2026-03-19T11:00,11.5,7.1,0
2026-03-19T12:00,13.4,7.6,0
2026-03-19T13:00,14.3,7.7,5
2026-03-19T14:00,14.7,8.3,7
2026-03-19T15:00,14.7,8.7,52
2026-03-19T16:00,14.4,9.3,100
2026-03-19T17:00,13.6,8.5,100
2026-03-19T18:00,12.0,9.1,99
2026-03-19T19:00,10.9,8.4,98
2026-03-19T20:00,9.9,7.3,73
2026-03-19T21:00,8.8,6.9,1
2026-03-19T22:00,7.7,7.9,0
2026-03-19T23:00,6.7,7.6,0
2026-03-20T00:00,5.8,6.4,0
2026-03-20T01:00,4.9,4.4,2
2026-03-20T02:00,4.4,5.3,0
2026-03-20T03:00,4.0,5.9,0
2026-03-20T04:00,3.5,5.9,2
2026-03-20T05:00,3.1,5.6,53
2026-03-20T06:00,3.0,6.1,100
2026-03-20T07:00,3.3,5.6,100
2026-03-20T08:00,3.8,4.5,100
2026-03-20T09:00,5.3,3.9,100
2026-03-20T10:00,7.4,3.2,100
2026-03-20T11:00,9.0,3.7,100
2026-03-20T12:00,9.9,4.5,100
2026-03-20T13:00,10.7,3.9,100
2026-03-20T14:00,11.6,3.9,100
2026-03-20T15:00,11.9,4.8,100
2026-03-20T16:00,11.6,5.3,100
2026-03-20T17:00,11.1,4.9,100
2026-03-20T18:00,10.1,3.4,99
2026-03-20T19:00,9.0,4.0,100
2026-03-20T20:00,8.4,4.3,100
2026-03-20T21:00,7.4,4.2,70
2026-03-20T22:00,6.6,4.0,1
2026-03-20T23:00,5.9,4.3,70
2026-03-21T00:00,5.6,3.9,95
2026-03-21T01:00,4.9,3.8,100
2026-03-21T02:00,4.6,2.5,99
2026-03-21T03:00,4.2,1.5,100
2026-03-21T04:00,3.7,2.3,100
2026-03-21T05:00,3.3,1.7,100
2026-03-21T06:00,3.0,0.4,100
2026-03-21T07:00,3.4,2.7,100
2026-03-21T08:00,4.4,2.2,100
2026-03-21T09:00,6.3,2.9,100
2026-03-21T10:00,8.8,3.2,99
2026-03-21T11:00,10.5,5.2,99
2026-03-21T12:00,11.7,4.1,99
2026-03-21T13:00,12.8,3.9,100
2026-03-21T14:00,13.2,4.8,77
2026-03-21T15:00,13.5,4.6,28
2026-03-21T16:00,13.2,4.8,23
2026-03-21T17:00,12.6,4.5,0
2026-03-21T18:00,11.1,3.2,6
2026-03-21T19:00,9.9,2.5,2
2026-03-21T20:00,8.8,4.2,0
2026-03-21T21:00,8.0,4.3,0
2026-03-21T22:00,7.2,4.7,0
2026-03-21T23:00,6.8,6.6,0
2026-03-22T00:00,5.6,4.7,0
2026-03-22T01:00,4.8,4.5,0
2026-03-22T02:00,4.7,5.4,0
2026-03-22T03:00,4.2,5.0,0
2026-03-22T04:00,3.9,5.3,0
2026-03-22T05:00,3.5,5.1,14
2026-03-22T06:00,2.5,4.2,12
2026-03-22T07:00,3.2,4.2,16
2026-03-22T08:00,5.4,3.1,26
2026-03-22T09:00,7.8,2.7,46
2026-03-22T10:00,9.8,2.0,83
2026-03-22T11:00,11.2,1.8,99
2026-03-22T12:00,12.1,1.8,100
2026-03-22T13:00,13.1,3.1,100
2026-03-22T14:00,13.4,5.2,100
2026-03-22T15:00,12.9,6.9,100
2026-03-22T16:00,12.2,7.8,100
2026-03-22T17:00,11.3,8.2,100
2026-03-22T18:00,10.7,10.5,100
2026-03-22T19:00,9.3,10.8,100
2026-03-22T20:00,8.6,8.8,100
2026-03-22T21:00,7.8,11.2,56
2026-03-22T22:00,7.6,11.6,91
2026-03-22T23:00,7.4,10.1,89
2026-03-23T00:00,7.9,8.2,100
2026-03-23T01:00,7.7,7.7,30
2026-03-23T02:00,6.4,10.1,100
2026-03-23T03:00,5.4,8.0,100
2026-03-23T04:00,4.8,7.4,100
2026-03-23T05:00,4.4,7.3,100
2026-03-23T06:00,4.8,5.3,100
2026-03-23T07:00,5.2,5.1,100
2026-03-23T08:00,6.2,3.1,100
2026-03-23T09:00,7.3,1.7,100
2026-03-23T10:00,8.5,0.7,100
2026-03-23T11:00,10.1,4.8,100
2026-03-23T12:00,11.2,9.4,100
2026-03-23T13:00,11.4,9.7,100
2026-03-23T14:00,11.5,10.1,100
2026-03-23T15:00,11.6,10.5,100
2026-03-23T16:00,11.7,12.6,100
2026-03-23T17:00,11.6,7.7,100
2026-03-23T18:00,10.9,8.1,100
2026-03-23T19:00,10.2,11.0,100
2026-03-23T20:00,9.7,12.9,100
2026-03-23T21:00,9.4,15.6,100
2026-03-23T22:00,9.1,16.4,100
2026-03-23T23:00,8.6,16.8,100
2026-03-24T00:00,8.6,17.3,100
2026-03-24T01:00,8.2,17.0,100
2026-03-24T02:00,8.2,17.8,100
2026-03-24T03:00,8.7,20.1,100
2026-03-24T04:00,9.0,19.0,100
2026-03-24T05:00,9.2,18.1,100
2026-03-24T06:00,9.3,18.2,100
2026-03-24T07:00,9.6,18.1,100
2026-03-24T08:00,10.1,18.6,100
2026-03-24T09:00,10.1,19.9,100
2026-03-24T10:00,10.6,22.7,100
2026-03-24T11:00,11.1,28.3,100
2026-03-24T12:00,11.9,29.4,100
2026-03-24T13:00,11.6,27.9,100
2026-03-24T14:00,11.2,27.5,100
2026-03-24T15:00,11.5,27.7,100
2026-03-24T16:00,11.2,27.1,98
2026-03-24T17:00,10.9,28.8,95
2026-03-24T18:00,10.5,29.1,100
2026-03-24T19:00,10.1,31.4,100
2026-03-24T20:00,9.6,39.2,80
2026-03-24T21:00,7.8,27.3,60
2026-03-24T22:00,6.8,27.4,53
2026-03-24T23:00,6.1,25.6,59
2026-03-25T00:00,5.8,24.9,53
2026-03-25T01:00,5.8,22.9,45
2026-03-25T02:00,5.2,22.2,88
2026-03-25T03:00,4.8,20.8,96
2026-03-25T04:00,4.4,19.6,95
2026-03-25T05:00,4.1,20.1,100
2026-03-25T06:00,3.9,20.1,45
2026-03-25T07:00,4.0,21.1,59
2026-03-25T08:00,4.2,20.6,55
2026-03-25T09:00,5.0,25.7,14
2026-03-25T10:00,5.9,29.9,27
2026-03-25T11:00,6.2,29.8,33
2026-03-25T12:00,6.1,28.3,19
2026-03-25T13:00,6.2,28.6,25
2026-03-25T14:00,6.2,29.9,59
2026-03-25T15:00,5.6,27.5,63
2026-03-25T16:00,5.0,21.7,45
2026-03-25T17:00,5.2,26.0,34
2026-03-25T18:00,4.6,20.9,31
2026-03-25T19:00,3.5,19.2,25
2026-03-25T20:00,3.5,18.6,9
2026-03-25T21:00,3.4,17.9,4
2026-03-25T22:00,3.3,17.6,63
2026-03-25T23:00,3.2,16.5,5
2026-03-26T00:00,2.9,16.8,47
2026-03-26T01:00,2.6,14.3,45
2026-03-26T02:00,2.0,12.6,42
2026-03-26T03:00,2.0,12.7,13
2026-03-26T04:00,1.9,12.5,9
2026-03-26T05:00,1.8,12.0,2
2026-03-26T06:00,1.5,10.4,2
2026-03-26T07:00,1.9,10.0,0
2026-03-26T08:00,3.2,8.9,0
2026-03-26T09:00,4.7,10.0,10
2026-03-26T10:00,5.7,12.2,35
2026-03-26T11:00,6.6,11.3,24
2026-03-26T12:00,7.6,9.8,67
2026-03-26T13:00,8.4,11.7,66
2026-03-26T14:00,8.8,14.7,100
2026-03-26T15:00,8.4,14.5,95
2026-03-26T16:00,8.1,12.5,100
2026-03-26T17:00,7.8,10.4,100
2026-03-26T18:00,7.8,5.0,100
2026-03-26T19:00,6.9,6.4,96
2026-03-26T20:00,6.7,7.2,99
2026-03-26T21:00,6.6,7.1,100
2026-03-26T22:00,6.3,8.1,100
2026-03-26T23:00,6.1,9.7,100
2026-03-27T00:00,5.7,11.7,48
2026-03-27T01:00,5.8,12.9,100
2026-03-27T02:00,6.1,13.6,100
2026-03-27T03:00,6.3,14.1,100
2026-03-27T04:00,6.6,15.0,100
2026-03-27T05:00,6.9,15.3,100
2026-03-27T06:00,7.2,15.7,100
2026-03-27T07:00,7.6,15.6,100
2026-03-27T08:00,8.1,17.6,100
2026-03-27T09:00,8.4,18.6,100
2026-03-27T10:00,9.1,19.7,100
2026-03-27T11:00,10.1,19.5,100
2026-03-27T12:00,10.9,16.4,100
2026-03-27T13:00,11.1,14.4,100
2026-03-27T14:00,10.9,12.6,100
2026-03-27T15:00,10.4,13.0,100
2026-03-27T16:00,10.2,13.4,100
2026-03-27T17:00,8.9,12.9,98
2026-03-27T18:00,8.3,10.1,96
2026-03-27T19:00,7.3,6.4,22
2026-03-27T20:00,6.6,10.7,84
2026-03-27T21:00,6.2,13.4,100
2026-03-27T22:00,6.2,12.4,95
2026-03-27T23:00,5.4,13.0,0
2026-03-28T00:00,5.0,13.9,0
2026-03-28T01:00,4.2,14.0,0
2026-03-28T02:00,3.7,14.1,0
2026-03-28T03:00,3.2,13.4,0
2026-03-28T04:00,3.0,14.0,0
2026-03-28T05:00,2.9,14.7,4
2026-03-28T06:00,2.7,15.4,2
2026-03-28T07:00,3.0,15.2,5
2026-03-28T08:00,4.2,15.8,4
2026-03-28T09:00,5.4,20.8,36
2026-03-28T10:00,6.6,22.9,30
2026-03-28T11:00,7.3,22.8,24
2026-03-28T12:00,7.8,23.8,59
2026-03-28T13:00,7.3,24.2,52
2026-03-28T14:00,7.3,25.7,29
2026-03-28T15:00,7.3,26.6,28
2026-03-28T16:00,7.2,24.3,13
2026-03-28T17:00,6.8,21.0,15
2026-03-28T18:00,5.9,17.3,8
2026-03-28T19:00,5.2,14.6,9
2026-03-28T20:00,4.8,12.6,41
2026-03-28T21:00,4.4,11.4,16
2026-03-28T22:00,4.0,11.5,53
2026-03-28T23:00,3.8,11.3,39
2026-03-29T00:00,3.2,11.9,55
2026-03-29T01:00,3.0,11.5,55
2026-03-29T02:00,2.8,10.9,56
2026-03-29T03:00,2.7,11.3,73
2026-03-29T04:00,3.0,10.7,100
2026-03-29T05:00,3.4,10.7,100
2026-03-29T06:00,3.4,12.3,100
2026-03-29T07:00,3.6,13.6,100
2026-03-29T08:00,4.7,14.1,100
2026-03-29T09:00,5.8,15.7,100
2026-03-29T10:00,6.4,17.4,100
2026-03-29T11:00,7.6,24.8,100
2026-03-29T12:00,7.3,20.8,100
2026-03-29T13:00,8.0,21.9,100
2026-03-29T14:00,8.2,27.6,100
2026-03-29T15:00,8.5,28.9,100
2026-03-29T16:00,9.1,23.6,100
2026-03-29T17:00,9.4,27.4,100
2026-03-29T18:00,9.7,25.7,80
2026-03-29T19:00,9.6,25.6,52
2026-03-29T20:00,9.6,27.0,48
2026-03-29T21:00,9.4,24.7,9
2026-03-29T22:00,8.9,20.4,23
2026-03-29T23:00,8.3,18.9,30
2026-03-30T00:00,7.9,21.0,6
2026-03-30T01:00,7.2,20.3,23
2026-03-30T02:00,6.7,19.4,18
2026-03-30T03:00,6.3,18.7,23
2026-03-30T04:00,6.2,16.9,36
2026-03-30T05:00,6.1,15.2,41
2026-03-30T06:00,6.1,15.1,63
2026-03-30T07:00,6.7,15.6,97
2026-03-30T08:00,7.3,11.9,65
2026-03-30T09:00,8.1,22.4,65
2026-03-30T10:00,8.6,26.2,95
2026-03-30T11:00,8.6,26.7,87
2026-03-30T12:00,9.3,26.7,87
2026-03-30T13:00,9.6,24.3,76
2026-03-30T14:00,9.6,22.9,93
2026-03-30T15:00,9.8,25.0,88
2026-03-30T16:00,9.6,22.9,23
2026-03-30T17:00,9.4,20.6,44
2026-03-30T18:00,8.9,16.8,19
2026-03-30T19:00,7.9,13.5,3
2026-03-30T20:00,7.6,15.2,93
2026-03-30T21:00,7.8,13.2,63
2026-03-30T22:00,7.3,11.2,34
2026-03-30T23:00,7.0,10.0,47
2026-03-31T00:00,7.2,9.6,88
2026-03-31T01:00,7.7,10.4,80
2026-03-31T02:00,8.0,11.0,90
2026-03-31T03:00,8.1,11.9,100
2026-03-31T04:00,8.6,13.6,100
2026-03-31T05:00,8.9,13.6,100
2026-03-31T06:00,9.1,13.9,100
2026-03-31T07:00,9.9,14.9,100
2026-03-31T08:00,10.9,12.7,100
2026-03-31T09:00,11.9,16.9,92
2026-03-31T10:00,12.8,14.9,100
2026-03-31T11:00,13.6,12.1,77
2026-03-31T12:00,14.7,11.7,28
2026-03-31T13:00,15.0,13.8,61
2026-03-31T14:00,15.4,12.2,41
2026-03-31T15:00,16.0,14.8,45
2026-03-31T16:00,15.9,14.4,34
2026-03-31T17:00,15.0,12.9,33
2026-03-31T18:00,14.1,12.2,35
2026-03-31T19:00,11.9,10.4,62
2026-03-31T20:00,10.8,7.7,4
2026-03-31T21:00,9.6,6.3,27
2026-03-31T22:00,8.9,4.8,30
2026-03-31T23:00,8.7,5.4,3
2026-04-01T00:00,9.0,7.0,2
2026-04-01T01:00,9.0,7.1,19
2026-04-01T02:00,8.2,6.1,2
2026-04-01T03:00,7.7,6.2,27
2026-04-01T04:00,7.9,6.5,82
2026-04-01T05:00,8.0,4.6,100
2026-04-01T06:00,8.2,5.7,99
2026-04-01T07:00,9.3,6.5,88
2026-04-01T08:00,10.0,5.8,66
2026-04-01T09:00,10.2,7.8,100
2026-04-01T10:00,11.0,10.2,100
2026-04-01T11:00,11.8,9.2,94
2026-04-01T12:00,11.9,9.8,96
2026-04-01T13:00,12.2,11.2,100
2026-04-01T14:00,12.1,12.2,100
2026-04-01T15:00,12.3,13.3,98
2026-04-01T16:00,12.1,15.2,98
2026-04-01T17:00,11.8,12.8,68
2026-04-01T18:00,11.2,8.5,55
2026-04-01T19:00,10.1,7.9,100
2026-04-01T20:00,10.4,8.8,100
2026-04-01T21:00,10.1,10.3,100
2026-04-01T22:00,9.2,17.9,100
2026-04-01T23:00,7.8,14.5,57
2026-04-02T00:00,6.3,14.5,0
2026-04-02T01:00,5.5,14.8,1
2026-04-02T02:00,5.1,15.1,2
2026-04-02T03:00,4.8,13.8,23
2026-04-02T04:00,4.6,12.0,68
2026-04-02T05:00,4.0,10.6,17
2026-04-02T06:00,4.2,8.6,100
2026-04-02T07:00,5.2,9.4,100
2026-04-02T08:00,5.8,8.7,94
2026-04-02T09:00,6.8,7.3,47
2026-04-02T10:00,8.1,6.4,49
2026-04-02T11:00,9.0,3.5,45
2026-04-02T12:00,9.6,1.0,48
2026-04-02T13:00,11.2,5.5,34
2026-04-02T14:00,11.6,9.7,64
2026-04-02T15:00,11.1,11.6,54
2026-04-02T16:00,10.6,11.9,99
2026-04-02T17:00,10.3,12.9,100
2026-04-02T18:00,9.6,10.3,100
2026-04-02T19:00,9.5,15.2,100
2026-04-02T20:00,8.7,15.6,100
2026-04-02T21:00,8.1,13.6,100
2026-04-02T22:00,7.4,13.9,100
2026-04-02T23:00,6.6,13.0,100
2026-04-03T00:00,6.4,16.3,100
2026-04-03T01:00,6.8,19.8,100
2026-04-03T02:00,6.8,20.2,100
2026-04-03T03:00,7.2,21.3,100
2026-04-03T04:00,7.5,21.3,100
2026-04-03T05:00,7.9,21.0,100
2026-04-03T06:00,8.4,20.3,100
2026-04-03T07:00,9.1,19.9,100
2026-04-03T08:00,10.0,20.1,100
2026-04-03T09:00,11.2,27.4,100
2026-04-03T10:00,12.1,26.6,100
2026-04-03T11:00,13.1,32.5,100
2026-04-03T12:00,14.2,32.0,72
2026-04-03T13:00,14.8,32.7,98
2026-04-03T14:00,14.1,27.6,100
2026-04-03T15:00,14.1,27.9,100
2026-04-03T16:00,13.7,26.6,100
2026-04-03T17:00,12.7,20.9,100
2026-04-03T18:00,12.9,19.4,100
2026-04-03T19:00,11.6,19.8,91
2026-04-03T20:00,10.6,17.6,36
2026-04-03T21:00,9.7,13.4,100
2026-04-03T22:00,9.4,11.2,100
2026-04-03T23:00,9.2,11.3,100
2026-04-04T00:00,7.8,12.0,13
2026-04-04T01:00,7.1,11.3,41
2026-04-04T02:00,6.4,10.6,61
2026-04-04T03:00,6.2,10.9,98
2026-04-04T04:00,6.2,10.4,100
2026-04-04T05:00,6.4,8.8,100
2026-04-04T06:00,6.6,8.8,100
2026-04-04T07:00,7.1,12.6,100
2026-04-04T08:00,8.4,17.5,100
2026-04-04T09:00,8.9,18.6,100
2026-04-04T10:00,9.7,20.9,100
2026-04-04T11:00,12.0,21.3,99
2026-04-04T12:00,13.5,25.9,85
2026-04-04T13:00,14.6,31.2,66
2026-04-04T14:00,13.9,31.1,97
2026-04-04T15:00,13.4,32.6,100
2026-04-04T16:00,12.2,32.8,77
2026-04-04T17:00,11.9,31.2,100
2026-04-04T18:00,11.6,30.3,100
2026-04-04T19:00,11.1,31.5,100
2026-04-04T20:00,10.6,32.2,100
2026-04-04T21:00,10.8,36.8,100
2026-04-04T22:00,10.5,37.8,88
2026-04-04T23:00,9.2,25.2,100
2026-04-05T00:00,8.7,29.1,76
2026-04-05T01:00,7.9,23.6,55
2026-04-05T02:00,6.2,20.5,38
2026-04-05T03:00,5.6,19.5,50
2026-04-05T04:00,5.4,18.3,43
2026-04-05T05:00,5.2,18.9,95
2026-04-05T06:00,5.8,17.5,100
2026-04-05T07:00,6.1,14.3,65
2026-04-05T08:00,6.9,21.6,59
2026-04-05T09:00,7.9,20.2,27
2026-04-05T10:00,8.9,23.3,76
2026-04-05T11:00,9.1,24.1,41
2026-04-05T12:00,9.7,23.1,31
2026-04-05T13:00,10.2,22.9,52
2026-04-05T14:00,10.1,22.8,99
2026-04-05T15:00,10.1,22.5,38
2026-04-05T16:00,10.1,23.6,74
2026-04-05T17:00,9.6,21.4,54
2026-04-05T18:00,8.8,17.5,9
2026-04-05T19:00,7.8,12.2,9
2026-04-05T20:00,7.2,10.4,1
2026-04-05T21:00,6.7,9.1,13
2026-04-05T22:00,6.0,8.4,85
2026-04-05T23:00,5.5,8.0,39
2026-04-06T00:00,4.4,9.2,38
2026-04-06T01:00,3.6,9.3,91
2026-04-06T02:00,3.3,8.7,47
2026-04-06T03:00,2.9,8.5,88
2026-04-06T04:00,2.8,8.6,100
2026-04-06T05:00,2.8,8.5,100
2026-04-06T06:00,2.8,9.1,100
2026-04-06T07:00,3.7,8.5,100
2026-04-06T08:00,5.3,7.1,100
2026-04-06T09:00,6.9,8.6,100
2026-04-06T10:00,9.1,11.6,52
2026-04-06T11:00,10.6,14.3,93
2026-04-06T12:00,12.2,14.7,27
2026-04-06T13:00,13.1,14.3,23
2026-04-06T14:00,13.6,14.7,88
2026-04-06T15:00,14.0,14.6,51
2026-04-06T16:00,13.9,14.2,8
2026-04-06T17:00,13.6,14.2,1
2026-04-06T18:00,13.4,12.9,0
2026-04-06T19:00,11.9,11.1,13
2026-04-06T20:00,10.7,11.0,14
2026-04-06T21:00,9.6,11.4,45
2026-04-06T22:00,8.7,11.7,66
2026-04-06T23:00,7.9,12.2,2
2026-04-07T00:00,7.2,12.6,0
2026-04-07T01:00,6.3,12.3,0
2026-04-07T02:00,5.8,12.0,0
2026-04-07T03:00,5.4,11.7,0
2026-04-07T04:00,5.2,11.8,0
2026-04-07T05:00,5.1,11.8,0
2026-04-07T06:00,5.2,12.5,0
2026-04-07T07:00,6.6,12.2,0
2026-04-07T08:00,8.9,11.0,0
2026-04-07T09:00,11.4,11.5,0
2026-04-07T10:00,13.6,13.8,18
2026-04-07T11:00,15.6,15.6,25
2026-04-07T12:00,17.9,15.8,18
2026-04-07T13:00,18.8,16.1,46
2026-04-07T14:00,19.2,16.6,10
2026-04-07T15:00,19.3,17.4,51
2026-04-07T16:00,18.8,18.0,95
2026-04-07T17:00,17.6,18.7,70
2026-04-07T18:00,16.9,16.2,26
2026-04-07T19:00,15.1,15.2,94
2026-04-07T20:00,13.9,14.3,88
2026-04-07T21:00,13.0,13.8,93
2026-04-07T22:00,12.2,12.4,98
2026-04-07T23:00,11.9,10.5,98
2026-04-08T00:00,11.1,7.8,70
2026-04-08T01:00,10.6,4.7,36
2026-04-08T02:00,9.9,5.4,34
2026-04-08T03:00,9.3,5.5,20
2026-04-08T04:00,8.6,4.5,9
2026-04-08T05:00,8.1,6.0,2
2026-04-08T06:00,8.2,6.2,2
2026-04-08T07:00,9.7,5.2,0
2026-04-08T08:00,12.3,3.3,0
2026-04-08T09:00,15.2,3.5,13
2026-04-08T10:00,17.5,2.3,0
2026-04-08T11:00,19.2,2.4,3
2026-04-08T12:00,21.0,3.5,14
2026-04-08T13:00,22.5,3.4,25
2026-04-08T14:00,23.2,3.1,0
2026-04-08T15:00,23.5,4.1,0
2026-04-08T16:00,23.1,7.0,1
2026-04-08T17:00,22.2,7.9,4
2026-04-08T18:00,21.6,9.3,6
2026-04-08T19:00,20.3,8.4,0
2026-04-08T20:00,19.5,8.7,1
2026-04-08T21:00,18.2,8.4,0
2026-04-08T22:00,17.2,7.1,0
2026-04-08T23:00,16.1,8.3,0
2026-04-09T00:00,15.0,9.4,26
2026-04-09T01:00,14.2,8.1,5
2026-04-09T02:00,13.8,8.6,44
2026-04-09T03:00,13.4,6.2,100
2026-04-09T04:00,13.1,7.4,99
2026-04-09T05:00,12.3,9.7,100
2026-04-09T06:00,12.0,10.6,85
2026-04-09T07:00,12.4,9.8,91
2026-04-09T08:00,13.8,10.6,100
2026-04-09T09:00,14.4,13.6,100
2026-04-09T10:00,14.4,15.2,100
2026-04-09T11:00,14.4,14.5,100
2026-04-09T12:00,14.6,17.0,100
2026-04-09T13:00,13.6,18.3,100
2026-04-09T14:00,13.2,23.7,100
2026-04-09T15:00,11.8,22.5,96
2026-04-09T16:00,11.5,22.0,19
2026-04-09T17:00,10.3,22.8,20
2026-04-09T18:00,9.1,20.6,18
2026-04-09T19:00,7.7,17.2,2
2026-04-09T20:00,6.8,15.8,0
2026-04-09T21:00,6.2,13.8,1
2026-04-09T22:00,5.7,12.9,9
2026-04-09T23:00,5.2,14.3,18
2026-04-10T00:00,4.8,14.8,79
2026-04-10T01:00,4.5,15.0,99
2026-04-10T02:00,4.2,13.9,100
2026-04-10T03:00,4.2,12.2,100
2026-04-10T04:00,4.1,10.5,100
2026-04-10T05:00,3.9,8.2,100
2026-04-10T06:00,4.0,6.1,100
2026-04-10T07:00,4.6,3.5,100
2026-04-10T08:00,5.7,4.3,100
2026-04-10T09:00,6.8,6.5,100
2026-04-10T10:00,8.2,8.2,100
2026-04-10T11:00,8.9,11.0,100
2026-04-10T12:00,9.9,12.6,100
2026-04-10T13:00,10.6,13.8,100
2026-04-10T14:00,11.1,16.5,100
2026-04-10T15:00,10.8,19.4,100
2026-04-10T16:00,10.4,19.0,100
2026-04-10T17:00,10.1,17.7,100
2026-04-10T18:00,9.6,15.8,100
2026-04-10T19:00,9.1,14.6,100
2026-04-10T20:00,8.6,14.7,100
2026-04-10T21:00,7.8,16.9,100
2026-04-10T22:00,7.2,18.1,100
2026-04-10T23:00,6.8,22.0,100
2026-04-11T00:00,7.5,20.7,100
2026-04-11T01:00,7.2,21.4,98
2026-04-11T02:00,7.7,22.3,100
2026-04-11T03:00,8.1,22.3,100
2026-04-11T04:00,8.7,22.0,100
2026-04-11T05:00,8.8,20.0,100
2026-04-11T06:00,8.0,18.0,100
2026-04-11T07:00,6.7,20.0,100
2026-04-11T08:00,6.1,15.3,100
2026-04-11T09:00,6.2,15.6,100
2026-04-11T10:00,7.3,17.5,26
2026-04-11T11:00,9.1,21.1,14
2026-04-11T12:00,10.6,24.5,23
2026-04-11T13:00,10.2,26.5,59
2026-04-11T14:00,9.9,28.3,71
2026-04-11T15:00,8.9,28.9,66
2026-04-11T16:00,9.1,28.0,37
2026-04-11T17:00,8.9,25.3,59
2026-04-11T18:00,8.6,23.9,40
2026-04-11T19:00,7.8,23.9,23
2026-04-11T20:00,7.6,26.7,83
2026-04-11T21:00,7.2,29.1,99
2026-04-11T22:00,6.8,29.4,100
2026-04-11T23:00,6.3,30.9,100
2026-04-12T00:00,7.1,29.3,100
2026-04-12T01:00,7.4,29.8,79
2026-04-12T02:00,6.9,29.8,100
2026-04-12T03:00,6.7,27.6,99
2026-04-12T04:00,6.7,25.1,100
2026-04-12T05:00,6.3,24.1,89
2026-04-12T06:00,6.8,24.0,23
2026-04-12T07:00,7.3,18.5,41
2026-04-12T08:00,8.2,26.8,100
2026-04-12T09:00,9.1,22.0,63
2026-04-12T10:00,10.4,20.4,80
2026-04-12T11:00,11.8,20.6,100
2026-04-12T12:00,11.8,20.9,99
2026-04-12T13:00,9.9,14.3,43
2026-04-12T14:00,11.9,15.0,95
2026-04-12T15:00,8.1,15.6,59
2026-04-12T16:00,10.4,13.1,27
2026-04-12T17:00,10.6,14.7,30
2026-04-12T18:00,9.9,14.4,27
2026-04-12T19:00,8.4,9.7,10
2026-04-12T20:00,7.5,9.6,4
2026-04-12T21:00,6.6,9.3,0
2026-04-12T22:00,5.8,9.4,1
2026-04-12T23:00,5.2,9.0,0
2026-04-13T00:00,4.8,8.6,0
2026-04-13T01:00,4.2,8.4,4
2026-04-13T02:00,3.8,8.5,23
2026-04-13T03:00,3.3,8.1,13
2026-04-13T04:00,3.2,7.3,0
2026-04-13T05:00,2.8,5.7,0
2026-04-13T06:00,2.8,5.9,0
2026-04-13T07:00,4.0,6.1,0
2026-04-13T08:00,6.2,4.5,2
2026-04-13T09:00,8.4,5.5,13
2026-04-13T10:00,9.8,7.0,26
2026-04-13T11:00,10.6,7.3,23
2026-04-13T12:00,11.5,6.9,20
2026-04-13T13:00,12.3,8.6,8
2026-04-13T14:00,12.5,9.6,16
2026-04-13T15:00,12.6,9.2,18
2026-04-13T16:00,11.9,12.6,83
2026-04-13T17:00,9.8,9.5,13
2026-04-13T18:00,10.6,7.9,11
2026-04-13T19:00,9.2,7.4,1
2026-04-13T20:00,8.4,6.2,0
2026-04-13T21:00,7.8,5.6,0
2026-04-13T22:00,7.2,6.7,0
2026-04-13T23:00,6.4,7.9,3
2026-04-14T00:00,5.7,8.8,0
2026-04-14T01:00,5.1,8.8,0
2026-04-14T02:00,4.6,8.8,0
2026-04-14T03:00,4.1,8.8,0
2026-04-14T04:00,3.7,8.8,0
2026-04-14T05:00,3.2,8.9,16
2026-04-14T06:00,4.0,10.7,6
2026-04-14T07:00,5.5,11.4,80
2026-04-14T08:00,7.3,10.8,100
2026-04-14T09:00,8.8,11.9,100
2026-04-14T10:00,10.9,16.0,100
2026-04-14T11:00,11.6,17.6,100
2026-04-14T12:00,13.5,23.1,100
2026-04-14T13:00,13.6,24.6,100
2026-04-14T14:00,13.1,22.6,100
2026-04-14T15:00,13.3,22.9,100
2026-04-14T16:00,12.4,20.2,100
2026-04-14T17:00,11.9,18.1,100
2026-04-14T18:00,11.6,16.0,100
2026-04-14T19:00,11.4,16.5,100
2026-04-14T20:00,11.2,17.5,100
2026-04-14T21:00,11.1,18.0,100
2026-04-14T22:00,10.9,17.7,100
2026-04-14T23:00,10.8,17.0,100
2026-04-15T00:00,11.1,19.1,100
2026-04-15T01:00,11.4,17.5,100
2026-04-15T02:00,11.5,17.7,100
2026-04-15T03:00,11.5,17.6,100
2026-04-15T04:00,11.4,15.8,100
2026-04-15T05:00,11.4,15.5,100
2026-04-15T06:00,11.4,14.0,100
2026-04-15T07:00,11.9,17.8,100
2026-04-15T08:00,12.5,21.8,100
2026-04-15T09:00,13.1,20.4,100
2026-04-15T10:00,14.4,23.7,100
2026-04-15T11:00,15.7,26.7,31
2026-04-15T12:00,15.9,26.3,22
2026-04-15T13:00,16.0,28.6,100
2026-04-15T14:00,13.2,24.1,100
2026-04-15T15:00,11.9,24.0,100
2026-04-15T16:00,12.4,26.1,100
2026-04-15T17:00,11.6,23.9,25
2026-04-15T18:00,11.4,21.4,34
2026-04-15T19:00,10.6,19.4,3
2026-04-15T20:00,9.8,17.6,2
2026-04-15T21:00,9.4,18.9,10
2026-04-15T22:00,9.3,20.1,19
2026-04-15T23:00,9.0,18.9,77
2026-04-16T00:00,9.2,21.1,96
2026-04-16T01:00,9.1,21.5,100
2026-04-16T02:00,9.4,20.7,100
2026-04-16T03:00,9.7,19.2,97
2026-04-16T04:00,9.6,18.1,100
2026-04-16T05:00,9.5,16.4,47
2026-04-16T06:00,9.2,15.3,15
2026-04-16T07:00,10.1,13.9,5
2026-04-16T08:00,11.1,17.2,15
2026-04-16T09:00,12.1,16.5,27
2026-04-16T10:00,13.2,17.1,100
2026-04-16T11:00,13.8,17.5,100
2026-04-16T12:00,14.6,18.3,100
2026-04-16T13:00,14.4,17.5,100
2026-04-16T14:00,14.6,16.7,100
2026-04-16T15:00,14.5,17.5,100
2026-04-16T16:00,14.6,16.2,100
2026-04-16T17:00,14.2,15.5,100
2026-04-16T18:00,13.9,10.3,100
2026-04-16T19:00,12.4,11.4,100
2026-04-16T20:00,11.9,11.7,100
2026-04-16T21:00,11.6,12.9,100
2026-04-16T22:00,11.0,12.5,55
2026-04-16T23:00,10.1,13.1,83
2026-04-17T00:00,9.9,12.5,100
2026-04-17T01:00,9.4,13.7,100
2026-04-17T02:00,9.1,13.0,100
2026-04-17T03:00,9.1,13.6,100
2026-04-17T04:00,8.9,14.0,100
2026-04-17T05:00,8.9,14.6,100
2026-04-17T06:00,9.6,14.1,100
2026-04-17T07:00,10.5,13.1,100
2026-04-17T08:00,11.9,23.8,100
2026-04-17T09:00,13.2,23.4,100
2026-04-17T10:00,13.9,24.7,100
2026-04-17T11:00,14.7,26.3,100
2026-04-17T12:00,14.7,26.2,100
2026-04-17T13:00,14.7,26.1,100
2026-04-17T14:00,13.8,22.6,100
2026-04-17T15:00,12.6,20.0,100
2026-04-17T16:00,12.5,14.9,100
2026-04-17T17:00,12.1,15.1,100
2026-04-17T18:00,11.8,14.1,23
2026-04-17T19:00,10.8,11.1,16
2026-04-17T20:00,9.5,11.1,80
2026-04-17T21:00,8.9,11.6,91
2026-04-17T22:00,8.6,11.7,79
2026-04-17T23:00,8.1,12.1,23
2026-04-18T00:00,7.7,12.9,49
2026-04-18T01:00,7.0,13.0,6
2026-04-18T02:00,6.5,12.7,14
2026-04-18T03:00,6.2,12.2,37
2026-04-18T04:00,6.1,12.1,52
2026-04-18T05:00,6.2,12.2,73
2026-04-18T06:00,7.1,12.3,30
2026-04-18T07:00,8.7,13.3,13
2026-04-18T08:00,10.1,14.5,25
2026-04-18T09:00,11.2,13.9,13
2026-04-18T10:00,12.4,14.0,17
2026-04-18T11:00,13.4,16.4,54
2026-04-18T12:00,13.9,15.6,50
2026-04-18T13:00,13.9,15.4,95
2026-04-18T14:00,13.2,14.7,73
2026-04-18T15:00,12.4,13.3,52
2026-04-18T16:00,13.1,13.1,93
2026-04-18T17:00,9.9,11.4,81
2026-04-18T18:00,10.9,13.5,16
2026-04-18T19:00,9.8,12.1,8
2026-04-18T20:00,8.8,11.8,0
2026-04-18T21:00,8.0,11.3,0
2026-04-18T22:00,7.4,11.3,0
2026-04-18T23:00,6.8,10.2,0
2026-04-19T00:00,6.3,10.6,0
2026-04-19T01:00,5.8,11.2,0
2026-04-19T02:00,5.4,11.0,0
2026-04-19T03:00,5.1,10.8,0
2026-04-19T04:00,4.7,10.2,0
2026-04-19T05:00,4.3,9.7,13
2026-04-19T06:00,4.4,9.5,0
2026-04-19T07:00,5.8,7.7,1
2026-04-19T08:00,7.7,8.9,0
2026-04-19T09:00,9.4,9.7,2
2026-04-19T10:00,10.9,12.2,38
2026-04-19T11:00,11.7,12.7,95
2026-04-19T12:00,12.2,12.0,94
2026-04-19T13:00,12.4,11.7,99
2026-04-19T14:00,12.2,11.8,100
2026-04-19T15:00,12.6,10.6,98
2026-04-19T16:00,12.2,12.0,99
2026-04-19T17:00,11.8,11.3,99
2026-04-19T18:00,11.7,9.8,95
2026-04-19T19:00,10.7,8.7,60
2026-04-19T20:00,9.6,9.1,26
2026-04-19T21:00,8.9,9.3,51
2026-04-19T22:00,8.1,8.4,48
2026-04-19T23:00,7.4,7.7,29
2026-04-20T00:00,6.2,4.7,3
2026-04-20T01:00,5.1,3.5,1
2026-04-20T02:00,4.5,1.6,0
2026-04-20T03:00,4.1,1.8,2
2026-04-20T04:00,3.5,2.2,3
2026-04-20T05:00,2.9,2.7,0
2026-04-20T06:00,3.7,3.7,0
2026-04-20T07:00,5.6,3.2,0
2026-04-20T08:00,8.2,3.1,0
2026-04-20T09:00,10.3,5.4,0
2026-04-20T10:00,11.6,6.7,0
2026-04-20T11:00,12.6,8.1,98
2026-04-20T12:00,12.8,8.8,98
2026-04-20T13:00,13.4,9.2,91
2026-04-20T14:00,13.2,8.7,92
2026-04-20T15:00,13.4,8.4,100
2026-04-20T16:00,13.1,9.6,96
2026-04-20T17:00,12.4,12.3,98
2026-04-20T18:00,10.8,14.5,23
2026-04-20T19:00,9.8,13.3,5
2026-04-20T20:00,8.9,12.4,1
2026-04-20T21:00,8.1,12.8,0
2026-04-20T22:00,6.9,11.5,0
2026-04-20T23:00,5.9,11.3,19
2026-04-21T00:00,5.2,12.0,28
2026-04-21T01:00,4.7,11.6,34
2026-04-21T02:00,4.3,11.2,27
2026-04-21T03:00,4.0,11.7,55
2026-04-21T04:00,4.0,12.0,100
2026-04-21T05:00,4.7,11.7,100
2026-04-21T06:00,5.8,13.4,100
2026-04-21T07:00,6.7,15.5,59
2026-04-21T08:00,8.0,17.4,38
2026-04-21T09:00,9.2,19.0,88
2026-04-21T10:00,10.1,22.5,96
2026-04-21T11:00,10.1,20.8,60
2026-04-21T12:00,12.0,22.1,70
2026-04-21T13:00,13.4,22.1,95
2026-04-21T14:00,13.8,22.3,53
2026-04-21T15:00,14.4,22.0,30
2026-04-21T16:00,12.9,24.5,80
2026-04-21T17:00,11.9,22.4,52
2026-04-21T18:00,10.9,20.8,3
2026-04-21T19:00,9.4,18.9,4
2026-04-21T20:00,8.2,19.3,2
2026-04-21T21:00,7.6,19.2,0
2026-04-21T22:00,7.0,17.2,0
2026-04-21T23:00,6.5,16.1,0
2026-04-22T00:00,5.6,15.1,0
2026-04-22T01:00,5.1,14.2,0
2026-04-22T02:00,4.7,13.9,6
2026-04-22T03:00,4.3,14.3,0
2026-04-22T04:00,4.0,14.8,0
2026-04-22T05:00,3.8,13.8,0
2026-04-22T06:00,4.4,13.1,11
2026-04-22T07:00,6.2,12.2,13
2026-04-22T08:00,8.2,13.7,3
2026-04-22T09:00,10.4,14.2,0
2026-04-22T10:00,12.4,19.9,2
2026-04-22T11:00,13.6,21.8,8
2026-04-22T12:00,14.9,21.3,20
2026-04-22T13:00,15.6,21.8,19
2026-04-22T14:00,16.1,21.0,11
2026-04-22T15:00,16.2,21.3,9
2026-04-22T16:00,15.6,21.5,5
2026-04-22T17:00,14.7,20.4,7
2026-04-22T18:00,13.4,19.0,39
2026-04-22T19:00,11.4,16.5,94
2026-04-22T20:00,9.9,15.7,100
2026-04-22T21:00,8.8,15.7,98
2026-04-22T22:00,7.9,15.5,100
2026-04-22T23:00,7.1,14.2,98
2026-04-23T00:00,5.8,13.6,5
2026-04-23T01:00,5.2,12.0,9
2026-04-23T02:00,4.7,10.9,6
2026-04-23T03:00,4.2,11.1,0
2026-04-23T04:00,3.8,12.0,0
2026-04-23T05:00,3.6,12.7,5
2026-04-23T06:00,4.2,12.5,84
2026-04-23T07:00,5.6,14.6,87
2026-04-23T08:00,7.6,13.7,13
2026-04-23T09:00,9.8,13.1,8
2026-04-23T10:00,11.9,13.5,0
2026-04-23T11:00,13.7,13.9,0
2026-04-23T12:00,15.0,13.6,0
2026-04-23T13:00,16.1,13.6,0
2026-04-23T14:00,16.9,13.9,0
2026-04-23T15:00,17.1,14.1,0
2026-04-23T16:00,16.9,14.2,0
2026-04-23T17:00,16.1,13.9,0
2026-04-23T18:00,15.2,13.1,0
2026-04-23T19:00,13.4,12.6,0
2026-04-23T20:00,11.4,12.6,0
2026-04-23T21:00,9.8,11.7,0
2026-04-23T22:00,8.2,10.8,0
2026-04-23T23:00,7.0,9.7,0
2026-04-24T00:00,5.5,9.6,0
2026-04-24T01:00,4.7,9.0,0
2026-04-24T02:00,4.1,9.2,0
2026-04-24T03:00,3.5,9.1,0
2026-04-24T04:00,2.8,8.9,0
2026-04-24T05:00,2.2,8.9,6
2026-04-24T06:00,2.3,8.3,16
2026-04-24T07:00,4.0,6.2,1
2026-04-24T08:00,6.2,6.0,9
2026-04-24T09:00,8.9,6.3,1
2026-04-24T10:00,11.6,7.0,0
2026-04-24T11:00,14.1,8.1,0
2026-04-24T12:00,16.2,8.5,0
2026-04-24T13:00,17.6,8.7,0
2026-04-24T14:00,18.5,8.9,0
2026-04-24T15:00,18.8,9.2,0
2026-04-24T16:00,18.6,9.2,0
2026-04-24T17:00,18.1,9.0,0
2026-04-24T18:00,17.4,8.5,0
2026-04-24T19:00,16.1,7.3,0
2026-04-24T20:00,14.8,7.3,0
2026-04-24T21:00,13.6,7.2,0
2026-04-24T22:00,12.6,5.3,1
2026-04-24T23:00,11.0,4.1,0
2026-04-25T00:00,9.5,4.6,0
2026-04-25T01:00,8.2,4.6,0
2026-04-25T02:00,7.4,4.8,0
2026-04-25T03:00,6.6,4.7,2
2026-04-25T04:00,6.0,4.5,76
2026-04-25T05:00,5.4,2.9,52
2026-04-25T06:00,6.8,2.8,100
2026-04-25T07:00,8.9,3.4,100
2026-04-25T08:00,12.1,1.5,100
2026-04-25T09:00,14.5,2.0,100
2026-04-25T10:00,16.2,2.7,100
2026-04-25T11:00,17.5,3.5,23
2026-04-25T12:00,18.9,4.4,0
2026-04-25T13:00,20.2,4.3,0
2026-04-25T14:00,20.9,3.8,0
2026-04-25T15:00,21.1,3.6,0
2026-04-25T16:00,21.1,3.1,0
2026-04-25T17:00,20.4,4.2,0
2026-04-25T18:00,19.8,6.5,0
2026-04-25T19:00,18.1,7.0,0
2026-04-25T20:00,16.6,3.2,0
2026-04-25T21:00,15.9,2.3,0
2026-04-25T22:00,12.2,12.6,0
2026-04-25T23:00,9.9,10.5,21
2026-04-26T00:00,8.3,9.9,88
2026-04-26T01:00,7.2,10.1,99
2026-04-26T02:00,6.6,9.8,100
2026-04-26T03:00,6.1,8.9,100
2026-04-26T04:00,5.8,8.7,100
2026-04-26T05:00,5.2,9.4,100
2026-04-26T06:00,5.6,9.4,96
2026-04-26T07:00,7.1,7.4,89
2026-04-26T08:00,9.3,6.9,98
2026-04-26T09:00,12.0,7.2,100
2026-04-26T10:00,14.5,7.7,100
2026-04-26T11:00,16.5,8.0,99
2026-04-26T12:00,17.5,8.3,100
2026-04-26T13:00,18.6,9.1,100
2026-04-26T14:00,19.0,9.3,100
2026-04-26T15:00,19.1,8.6,100
2026-04-26T16:00,18.8,8.4,100
2026-04-26T17:00,18.5,7.4,100
2026-04-26T18:00,17.5,7.5,100
2026-04-26T19:00,17.0,6.5,100
2026-04-26T20:00,16.5,5.1,100
2026-04-26T21:00,16.2,4.6,100
2026-04-26T22:00,15.9,3.1,100
2026-04-26T23:00,15.4,2.3,100
2026-04-27T00:00,14.9,4.4,100
2026-04-27T01:00,13.3,8.5,100
2026-04-27T02:00,12.4,6.3,13
2026-04-27T03:00,11.1,3.2,94
2026-04-27T04:00,10.4,2.6,58
2026-04-27T05:00,10.1,4.7,78
2026-04-27T06:00,10.8,7.8,95
2026-04-27T07:00,11.9,6.5,48
2026-04-27T08:00,13.7,7.0,1
2026-04-27T09:00,15.7,8.0,2
2026-04-27T10:00,17.0,10.1,12
2026-04-27T11:00,18.0,11.3,6
2026-04-27T12:00,18.6,12.5,3
2026-04-27T13:00,19.8,12.9,61
2026-04-27T14:00,19.2,14.3,100
2026-04-27T15:00,18.5,15.3,24
2026-04-27T16:00,18.0,14.4,9
2026-04-27T17:00,16.6,17.0,30
2026-04-27T18:00,14.1,19.5,95
2026-04-27T19:00,12.9,13.1,97
2026-04-27T20:00,12.6,14.0,23
2026-04-27T21:00,12.0,12.1,27
2026-04-27T22:00,11.5,12.5,1
2026-04-27T23:00,10.6,13.1,0
2026-04-28T00:00,9.6,13.8,0
2026-04-28T01:00,8.6,15.3,51
2026-04-28T02:00,7.8,15.5,100
2026-04-28T03:00,8.3,16.7,100
2026-04-28T04:00,8.6,19.4,100
2026-04-28T05:00,8.6,20.9,100
2026-04-28T06:00,8.5,20.4,100
2026-04-28T07:00,8.6,20.9,100
2026-04-28T08:00,8.8,20.2,100
2026-04-28T09:00,8.9,19.5,100
2026-04-28T10:00,9.9,21.8,100
2026-04-28T11:00,10.1,22.0,100
2026-04-28T12:00,9.2,22.1,100
2026-04-28T13:00,10.6,22.3,100
2026-04-28T14:00,11.8,22.0,100
2026-04-28T15:00,12.9,21.6,35
2026-04-28T16:00,13.6,19.2,2
2026-04-28T17:00,13.1,20.3,0
2026-04-28T18:00,12.0,20.6,0
2026-04-28T19:00,10.6,19.5,0
2026-04-28T20:00,9.6,18.7,0
2026-04-28T21:00,8.6,18.7,0
2026-04-28T22:00,7.8,19.0,0
2026-04-28T23:00,7.1,18.6,0
2026-04-29T00:00,6.0,17.6,0
2026-04-29T01:00,5.6,17.3,0
2026-04-29T02:00,5.3,16.9,0
2026-04-29T03:00,5.2,16.9,0
2026-04-29T04:00,5.2,17.4,0
2026-04-29T05:00,5.2,17.6,0
2026-04-29T06:00,6.1,13.1,0
2026-04-29T07:00,7.9,14.0,0
2026-04-29T08:00,10.4,16.2,0
2026-04-29T09:00,12.9,18.5,0
2026-04-29T10:00,14.8,22.7,0
2026-04-29T11:00,16.1,24.2,0
2026-04-29T12:00,17.2,24.0,0
2026-04-29T13:00,18.0,24.6,0
2026-04-29T14:00,18.2,25.4,0
2026-04-29T15:00,17.9,25.3,26
2026-04-29T16:00,16.9,25.2,100
2026-04-29T17:00,15.6,24.8,68
2026-04-29T18:00,14.3,23.8,92
2026-04-29T19:00,12.4,21.9,10
2026-04-29T20:00,11.1,19.4,0
2026-04-29T21:00,10.4,18.4,0
2026-04-29T22:00,9.8,17.3,0
2026-04-29T23:00,9.4,16.7,0
2026-04-30T00:00,8.1,17.0,0
2026-04-30T01:00,7.8,15.9,0
2026-04-30T02:00,7.6,15.7,0
2026-04-30T03:00,7.5,15.7,0
2026-04-30T04:00,7.4,15.4,0
2026-04-30T05:00,7.4,15.4,0
2026-04-30T06:00,8.1,14.8,0
2026-04-30T07:00,9.9,14.0,0
2026-04-30T08:00,12.1,16.0,0
2026-04-30T09:00,14.1,16.9,0
2026-04-30T10:00,16.2,16.9,0
2026-04-30T11:00,18.0,18.0,0
2026-04-30T12:00,19.7,18.4,0
2026-04-30T13:00,20.5,19.3,0
2026-04-30T14:00,21.0,20.2,0
2026-04-30T15:00,20.9,20.3,0
2026-04-30T16:00,20.5,19.8,0
2026-04-30T17:00,19.8,19.7,0
2026-04-30T18:00,19.1,18.1,0
2026-04-30T19:00,17.2,17.5,0
2026-04-30T20:00,15.4,16.0,0
2026-04-30T21:00,14.2,14.7,0
2026-04-30T22:00,13.4,12.6,0
2026-04-30T23:00,12.6,11.3,0
2026-05-01T00:00,11.3,11.8,0
2026-05-01T01:00,10.6,11.3,0
2026-05-01T02:00,10.4,11.4,0
2026-05-01T03:00,10.1,10.9,0
2026-05-01T04:00,9.9,10.5,0
2026-05-01T05:00,9.7,9.4,0
2026-05-01T06:00,10.9,9.0,0
2026-05-01T07:00,12.6,6.7,0
2026-05-01T08:00,14.8,8.0,0
2026-05-01T09:00,17.0,8.7,5
2026-05-01T10:00,19.0,9.1,3
2026-05-01T11:00,20.5,9.4,5
2026-05-01T12:00,22.0,9.8,9
2026-05-01T13:00,22.8,10.6,19
2026-05-01T14:00,23.1,12.6,73
2026-05-01T15:00,20.1,13.6,79
2026-05-01T16:00,18.7,9.8,91
2026-05-01T17:00,19.1,9.1,41
2026-05-01T18:00,18.5,11.9,69
2026-05-01T19:00,17.6,10.0,65
2026-05-01T20:00,17.0,7.7,97
2026-05-01T21:00,16.5,8.4,99
2026-05-01T22:00,15.3,10.1,100
2026-05-01T23:00,14.3,9.3,100
2026-05-02T00:00,12.6,8.0,98
2026-05-02T01:00,11.9,6.7,96
2026-05-02T02:00,11.1,5.1,83
2026-05-02T03:00,10.6,5.2,92
2026-05-02T04:00,9.9,5.1,92
2026-05-02T05:00,9.5,5.2,91
2026-05-02T06:00,9.1,5.8,97
2026-05-02T07:00,10.5,5.1,97
2026-05-02T08:00,12.3,4.6,98
2026-05-02T09:00,14.0,6.0,23
2026-05-02T10:00,15.3,7.4,24
2026-05-02T11:00,16.4,7.4,99
2026-05-02T12:00,17.2,8.5,100
2026-05-02T13:00,18.0,6.2,100
2026-05-02T14:00,18.6,6.7,100
2026-05-02T15:00,18.5,7.9,100
2026-05-02T16:00,17.5,4.9,100
2026-05-02T17:00,17.0,3.6,100
2026-05-02T18:00,14.3,3.9,100
2026-05-02T19:00,13.8,3.5,100
2026-05-02T20:00,13.3,7.0,100
2026-05-02T21:00,12.6,10.3,98
2026-05-02T22:00,12.2,8.5,100
2026-05-02T23:00,11.9,5.2,100
2026-05-03T00:00,11.6,8.0,100
2026-05-03T01:00,11.5,8.2,100
2026-05-03T02:00,11.2,8.9,100
2026-05-03T03:00,10.9,9.9,55
2026-05-03T04:00,10.4,8.7,94
2026-05-03T05:00,10.1,9.5,100
2026-05-03T06:00,10.7,11.4,100
2026-05-03T07:00,11.2,11.9,100
2026-05-03T08:00,12.0,13.5,100
2026-05-03T09:00,12.9,12.9,100
2026-05-03T10:00,13.6,11.3,100
2026-05-03T11:00,14.4,10.7,100
2026-05-03T12:00,13.6,12.7,100
2026-05-03T13:00,14.4,11.7,100
2026-05-03T14:00,14.5,11.0,100
2026-05-03T15:00,14.6,9.4,100
2026-05-03T16:00,14.7,7.1,100
2026-05-03T17:00,14.9,7.4,72
2026-05-03T18:00,13.8,9.4,78
2026-05-03T19:00,12.8,8.8,63
2026-05-03T20:00,11.9,8.7,43
2026-05-03T21:00,11.2,8.6,46
2026-05-03T22:00,10.4,8.5,22
2026-05-03T23:00,9.7,8.2,27
2026-05-04T00:00,10.6,8.8,59
2026-05-04T01:00,9.9,8.0,48
2026-05-04T02:00,9.4,6.1,25
2026-05-04T03:00,8.9,7.8,96
2026-05-04T04:00,8.7,9.0,100
2026-05-04T05:00,8.7,7.6,100
2026-05-04T06:00,9.2,11.0,100
2026-05-04T07:00,9.9,10.7,100
2026-05-04T08:00,10.9,9.8,100
2026-05-04T09:00,11.8,9.4,100
2026-05-04T10:00,12.1,8.3,100
2026-05-04T11:00,12.9,7.4,100
2026-05-04T12:00,12.1,7.0,100
2026-05-04T13:00,12.8,6.9,100
2026-05-04T14:00,13.2,6.0,100
2026-05-04T15:00,13.6,4.8,100
2026-05-04T16:00,13.7,5.4,100
2026-05-04T17:00,13.4,6.5,100
2026-05-04T18:00,12.6,8.9,99
2026-05-04T19:00,12.0,6.8,64
2026-05-04T20:00,11.1,3.1,27
2026-05-04T21:00,10.2,3.6,9
2026-05-04T22:00,10.0,3.0,81
2026-05-04T23:00,9.9,5.9,47
2026-05-05T00:00,9.2,9.3,53
2026-05-05T01:00,8.9,9.7,43
2026-05-05T02:00,7.8,9.7,2
2026-05-05T03:00,7.1,8.9,2
2026-05-05T04:00,6.6,9.7,4
2026-05-05T05:00,6.4,9.9,4
2026-05-05T06:00,7.2,8.2,0
2026-05-05T07:00,8.4,9.3,1
2026-05-05T08:00,10.0,10.7,2
2026-05-05T09:00,11.4,12.4,1
2026-05-05T10:00,12.4,13.1,55
2026-05-05T11:00,13.0,12.5,100
2026-05-05T12:00,13.1,11.9,100
2026-05-05T13:00,13.3,12.2,100
2026-05-05T14:00,13.2,11.1,100
2026-05-05T15:00,13.2,10.4,100
2026-05-05T16:00,12.9,10.3,100
2026-05-05T17:00,12.6,10.7,98
2026-05-05T18:00,12.4,10.6,100
2026-05-05T19:00,11.9,10.1,100
2026-05-05T20:00,11.2,10.8,100
2026-05-05T21:00,9.8,12.9,100
2026-05-05T22:00,8.8,14.0,100
2026-05-05T23:00,8.1,12.9,77
2026-05-06T00:00,7.7,12.4,95
2026-05-06T01:00,7.2,12.5,73
2026-05-06T02:00,6.8,11.9,100
2026-05-06T03:00,6.6,11.6,100
2026-05-06T04:00,6.2,10.9,84
2026-05-06T05:00,5.6,9.1,30
2026-05-06T06:00,6.0,10.6,84
2026-05-06T07:00,6.4,11.8,99
2026-05-06T08:00,7.4,12.6,89
2026-05-06T09:00,8.7,14.1,38
2026-05-06T10:00,10.3,15.0,41
2026-05-06T11:00,11.4,14.5,40
2026-05-06T12:00,11.6,13.9,85
2026-05-06T13:00,11.4,13.2,100
2026-05-06T14:00,11.4,11.4,100
2026-05-06T15:00,11.3,10.1,100
2026-05-06T16:00,11.0,8.9,93
2026-05-06T17:00,11.0,8.1,85
2026-05-06T18:00,10.4,10.3,99
2026-05-06T19:00,9.4,10.3,28
2026-05-06T20:00,8.1,10.0,0
2026-05-06T21:00,7.2,9.8,0
2026-05-06T22:00,6.3,7.0,5
2026-05-06T23:00,5.9,5.4,70
2026-05-07T00:00,5.9,6.3,98
2026-05-07T01:00,5.8,5.9,94
2026-05-07T02:00,5.4,5.9,47
2026-05-07T03:00,5.4,5.2,59
2026-05-07T04:00,5.2,5.0,98
2026-05-07T05:00,5.2,5.8,95
2026-05-07T06:00,5.8,7.2,97
2026-05-07T07:00,7.2,8.0,82
2026-05-07T08:00,8.8,6.2,46
2026-05-07T09:00,9.9,6.3,34
2026-05-07T10:00,11.4,6.5,36
2026-05-07T11:00,12.8,7.6,83
2026-05-07T12:00,14.4,7.4,63
2026-05-07T13:00,14.8,7.5,100
2026-05-07T14:00,14.7,8.6,100
2026-05-07T15:00,14.8,8.7,100
2026-05-07T16:00,14.4,9.7,100
2026-05-07T17:00,13.7,11.5,100
2026-05-07T18:00,13.1,9.5,34
2026-05-07T19:00,12.2,10.5,82
2026-05-07T20:00,11.3,8.1,100
2026-05-07T21:00,11.1,5.9,98
2026-05-07T22:00,10.7,7.2,100
2026-05-07T23:00,9.9,8.0,62
2026-05-08T00:00,9.8,8.4,49
2026-05-08T01:00,8.9,8.8,53
2026-05-08T02:00,8.7,8.0,95
2026-05-08T03:00,8.8,8.4,99
2026-05-08T04:00,8.8,7.7,100
2026-05-08T05:00,8.8,6.6,100
2026-05-08T06:00,9.5,6.2,78
2026-05-08T07:00,10.3,5.3,98
2026-05-08T08:00,11.1,5.6,96
2026-05-08T09:00,12.8,6.9,94
2026-05-08T10:00,13.9,10.5,45
2026-05-08T11:00,15.4,13.2,98
2026-05-08T12:00,16.2,12.9,78
2026-05-08T13:00,16.6,13.0,100
2026-05-08T14:00,16.7,13.9,99
2026-05-08T15:00,17.2,14.0,97
2026-05-08T16:00,16.3,14.7,100
2026-05-08T17:00,16.5,13.5,96
2026-05-08T18:00,15.8,11.5,98
2026-05-08T19:00,14.4,8.6,95
2026-05-08T20:00,13.3,4.7,95
2026-05-08T21:00,13.0,3.9,99
2026-05-08T22:00,12.6,3.6,96
2026-05-08T23:00,12.6,5.7,100
2026-05-09T00:00,11.9,6.7,100
2026-05-09T01:00,11.4,2.1,77
2026-05-09T02:00,10.6,2.4,63
2026-05-09T03:00,10.1,2.7,100
2026-05-09T04:00,9.9,6.3,99
2026-05-09T05:00,9.1,7.3,55
2026-05-09T06:00,10.3,6.2,38
2026-05-09T07:00,11.8,3.1,100
2026-05-09T08:00,13.6,2.7,100
2026-05-09T09:00,15.6,4.7,51
2026-05-09T10:00,17.2,6.6,99
2026-05-09T11:00,18.4,7.6,100
2026-05-09T12:00,19.1,8.8,96
2026-05-09T13:00,19.9,9.4,100
2026-05-09T14:00,20.0,8.8,100
2026-05-09T15:00,19.7,8.7,100
2026-05-09T16:00,19.5,8.6,100
2026-05-09T17:00,18.2,11.2,100
2026-05-09T18:00,17.1,16.3,100
2026-05-09T19:00,13.4,19.0,96
2026-05-09T20:00,12.6,16.6,100
2026-05-09T21:00,11.5,17.4,100
2026-05-09T22:00,10.4,16.2,100
2026-05-09T23:00,9.7,14.9,100
2026-05-10T00:00,9.5,16.7,100
2026-05-10T01:00,9.0,17.0,100
2026-05-10T02:00,8.6,17.3,100
2026-05-10T03:00,8.3,17.0,100
2026-05-10T04:00,8.1,16.6,100
2026-05-10T05:00,7.8,16.8,100
2026-05-10T06:00,7.3,17.6,100
2026-05-10T07:00,7.6,18.0,98
2026-05-10T08:00,8.2,18.6,99
2026-05-10T09:00,9.8,18.9,100
2026-05-10T10:00,11.4,17.6,48
2026-05-10T11:00,12.9,17.1,41
2026-05-10T12:00,12.9,17.2,62
2026-05-10T13:00,13.6,15.5,33
2026-05-10T14:00,14.2,15.2,36
2026-05-10T15:00,14.5,14.9,63
2026-05-10T16:00,14.1,14.5,87
2026-05-10T17:00,13.3,13.6,93
2026-05-10T18:00,12.6,12.7,48
2026-05-10T19:00,11.9,11.0,13
2026-05-10T20:00,11.1,10.2,23
2026-05-10T21:00,10.3,6.5,2
2026-05-10T22:00,9.7,3.5,96
2026-05-10T23:00,8.9,5.2,22
2026-05-11T00:00,7.8,7.7,0
2026-05-11T01:00,6.9,11.1,1
2026-05-11T02:00,6.6,13.0,0
2026-05-11T03:00,6.3,13.9,9
2026-05-11T04:00,6.3,14.3,20
2026-05-11T05:00,6.3,14.0,79
2026-05-11T06:00,7.4,13.7,98
2026-05-11T07:00,8.6,12.8,100
2026-05-11T08:00,8.6,13.0,100
2026-05-11T09:00,7.2,17.7,100
2026-05-11T10:00,6.8,10.2,95
2026-05-11T11:00,9.6,10.2,77
2026-05-11T12:00,9.9,12.5,82
2026-05-11T13:00,11.0,12.6,80
2026-05-11T14:00,11.6,12.8,99
2026-05-11T15:00,11.9,12.8,100
2026-05-11T16:00,11.9,11.7,84
2026-05-11T17:00,11.6,10.3,42
2026-05-11T18:00,10.9,8.8,38
2026-05-11T19:00,10.6,8.0,61
2026-05-11T20:00,9.9,3.2,41
2026-05-11T21:00,9.0,3.1,44
2026-05-11T22:00,8.1,10.8,9
2026-05-11T23:00,6.7,9.1,0
2026-05-12T00:00,5.6,6.6,0
2026-05-12T01:00,4.7,5.1,0
2026-05-12T02:00,4.2,6.0,3
2026-05-12T03:00,4.0,7.1,16
2026-05-12T04:00,3.8,8.0,47
2026-05-12T05:00,4.2,8.9,85
2026-05-12T06:00,5.6,9.6,52
2026-05-12T07:00,7.2,8.9,80
2026-05-12T08:00,8.6,10.8,14
2026-05-12T09:00,10.8,12.4,24
2026-05-12T10:00,12.8,18.0,100
2026-05-12T11:00,12.9,17.5,100
2026-05-12T12:00,12.4,19.2,100
2026-05-12T13:00,11.6,17.1,47
2026-05-12T14:00,13.2,21.0,100
2026-05-12T15:00,12.8,20.3,11
2026-05-12T16:00,13.8,22.8,93
2026-05-12T17:00,12.9,21.1,56
2026-05-12T18:00,12.4,19.4,23
2026-05-12T19:00,11.4,15.0,14
2026-05-12T20:00,10.8,11.2,7
2026-05-12T21:00,10.2,11.0,23
2026-05-12T22:00,9.6,10.4,9
2026-05-12T23:00,8.9,11.1,15
2026-05-13T00:00,9.2,13.4,33
2026-05-13T01:00,8.1,14.1,26
2026-05-13T02:00,7.8,14.9,17
2026-05-13T03:00,7.6,16.5,13
2026-05-13T04:00,7.1,17.2,12
2026-05-13T05:00,6.9,17.2,28
2026-05-13T06:00,7.7,15.5,20
2026-05-13T07:00,8.6,18.9,16
2026-05-13T08:00,9.6,19.9,34
2026-05-13T09:00,10.4,21.0,100
2026-05-13T10:00,10.4,20.7,98
2026-05-13T11:00,7.4,21.4,90
2026-05-13T12:00,10.4,24.9,55
2026-05-13T13:00,11.1,25.4,49
2026-05-13T14:00,10.2,26.6,72
2026-05-13T15:00,10.9,23.9,71
2026-05-13T16:00,11.1,25.2,42
2026-05-13T17:00,10.8,25.3,30
2026-05-13T18:00,9.9,22.4,39
2026-05-13T19:00,9.0,18.7,29
2026-05-13T20:00,8.4,15.3,19
2026-05-13T21:00,7.8,14.3,18
2026-05-13T22:00,7.2,15.1,20
2026-05-13T23:00,6.7,14.5,13
2026-05-14T00:00,6.5,12.6,54
2026-05-14T01:00,5.9,12.2,55
2026-05-14T02:00,5.4,10.7,38
2026-05-14T03:00,4.9,10.9,37
2026-05-14T04:00,4.6,11.1,38
2026-05-14T05:00,4.5,11.1,22
2026-05-14T06:00,5.7,9.5,25
2026-05-14T07:00,6.7,10.7,9
2026-05-14T08:00,8.0,10.2,27
2026-05-14T09:00,9.2,9.9,32
2026-05-14T10:00,10.1,12.1,51
2026-05-14T11:00,10.9,12.8,95
2026-05-14T12:00,11.5,14.3,35
2026-05-14T13:00,10.2,15.8,92
2026-05-14T14:00,11.5,11.7,66
2026-05-14T15:00,12.3,13.1,53
2026-05-14T16:00,11.9,14.7,53
2026-05-14T17:00,10.4,15.8,38
2026-05-14T18:00,10.4,17.8,39
2026-05-14T19:00,9.1,13.5,24
2026-05-14T20:00,8.1,12.3,16
2026-05-14T21:00,7.4,10.8,28
2026-05-14T22:00,6.8,10.2,51
2026-05-14T23:00,6.2,9.7,87
2026-05-15T00:00,5.6,9.6,71
2026-05-15T01:00,5.3,8.8,64
2026-05-15T02:00,5.0,9.3,79
2026-05-15T03:00,4.8,9.3,75
2026-05-15T04:00,4.7,10.0,74
2026-05-15T05:00,4.9,11.3,57
2026-05-15T06:00,5.7,9.0,86
2026-05-15T07:00,6.8,9.2,64
2026-05-15T08:00,8.4,10.1,20
2026-05-15T09:00,9.5,12.0,34
2026-05-15T10:00,10.4,14.3,23
2026-05-15T11:00,11.4,16.3,93
2026-05-15T12:00,12.0,15.4,48
2026-05-15T13:00,12.4,16.1,31
2026-05-15T14:00,12.6,17.0,37
2026-05-15T15:00,12.3,16.4,50
2026-05-15T16:00,11.9,16.5,29
2026-05-15T17:00,11.1,15.8,27
2026-05-15T18:00,10.8,14.6,15
2026-05-15T19:00,9.8,13.6,16
2026-05-15T20:00,8.9,10.9,9
2026-05-15T21:00,8.4,8.8,5
2026-05-15T22:00,7.7,9.0,6
2026-05-15T23:00,7.1,9.9,13
2026-05-16T00:00,6.6,9.3,53
2026-05-16T01:00,6.2,8.7,30
2026-05-16T02:00,5.8,9.1,43
2026-05-16T03:00,5.4,8.5,20
2026-05-16T04:00,4.9,8.6,35
2026-05-16T05:00,5.1,8.6,15
2026-05-16T06:00,6.7,6.9,27
2026-05-16T07:00,8.6,5.5,15
2026-05-16T08:00,9.9,5.1,95
2026-05-16T09:00,10.4,9.9,99
2026-05-16T10:00,9.4,9.7,100
2026-05-16T11:00,9.4,9.0,100
2026-05-16T12:00,10.9,9.5,100
2026-05-16T13:00,11.9,12.1,100
2026-05-16T14:00,12.1,13.1,100
2026-05-16T15:00,12.1,13.5,100
2026-05-16T16:00,11.6,12.5,100
2026-05-16T17:00,11.1,10.8,100
2026-05-16T18:00,11.3,10.1,100
2026-05-16T19:00,11.0,11.1,100
2026-05-16T20:00,10.4,11.7,100
2026-05-16T21:00,10.1,12.5,97
2026-05-16T22:00,9.8,12.2,100
2026-05-16T23:00,9.8,12.3,39
2026-05-17T00:00,8.9,12.2,28
2026-05-17T01:00,8.3,11.0,38
2026-05-17T02:00,7.8,11.1,34
2026-05-17T03:00,7.3,10.7,73
2026-05-17T04:00,7.0,11.2,18
2026-05-17T05:00,6.9,12.0,3
2026-05-17T06:00,8.4,9.8,55
2026-05-17T07:00,9.6,12.4,87
2026-05-17T08:00,10.4,12.8,96
2026-05-17T09:00,11.1,12.4,91
2026-05-17T10:00,12.1,12.9,77
2026-05-17T11:00,13.1,12.4,71
2026-05-17T12:00,13.9,13.5,100
2026-05-17T13:00,12.2,13.2,90
2026-05-17T14:00,12.8,14.7,82
2026-05-17T15:00,13.2,12.6,58
2026-05-17T16:00,12.8,15.1,96
2026-05-17T17:00,12.5,12.6,74
2026-05-17T18:00,11.1,13.4,52
2026-05-17T19:00,10.9,10.6,70
2026-05-17T20:00,9.9,9.9,45
2026-05-17T21:00,9.2,10.2,69
2026-05-17T22:00,8.4,9.4,25
2026-05-17T23:00,7.9,10.3,5
2026-05-18T00:00,7.2,11.8,66
2026-05-18T01:00,6.7,12.1,95
2026-05-18T02:00,6.5,12.0,96
2026-05-18T03:00,6.4,13.2,98
2026-05-18T04:00,6.2,12.5,98
2026-05-18T05:00,6.4,10.6,95
2026-05-18T06:00,7.7,11.7,78
2026-05-18T07:00,8.5,14.2,62
2026-05-18T08:00,9.6,13.3,70
2026-05-18T09:00,10.6,13.0,100
2026-05-18T10:00,10.3,12.5,100
2026-05-18T11:00,10.0,11.8,100
2026-05-18T12:00,10.8,15.9,73
2026-05-18T13:00,12.4,14.0,79
2026-05-18T14:00,12.1,16.2,96
2026-05-18T15:00,13.2,15.5,100
2026-05-18T16:00,11.4,16.6,98
2026-05-18T17:00,12.1,14.6,99
2026-05-18T18:00,11.7,16.9,98
2026-05-18T19:00,11.1,16.7,98
2026-05-18T20:00,10.4,14.4,100
2026-05-18T21:00,9.9,16.0,100
2026-05-18T22:00,9.6,15.9,100
2026-05-18T23:00,9.4,16.5,100
2026-05-19T00:00,9.6,19.7,100
2026-05-19T01:00,9.4,21.9,100
2026-05-19T02:00,9.4,22.3,100
2026-05-19T03:00,9.9,21.7,100
2026-05-19T04:00,10.1,21.2,100
2026-05-19T05:00,10.2,23.1,100
2026-05-19T06:00,10.6,20.6,100
2026-05-19T07:00,11.1,19.0,100
2026-05-19T08:00,11.7,18.4,100
2026-05-19T09:00,11.9,17.1,100
2026-05-19T10:00,13.6,17.4,42
2026-05-19T11:00,15.8,19.3,78
2026-05-19T12:00,14.7,22.8,83
2026-05-19T13:00,15.4,22.1,97
2026-05-19T14:00,15.1,19.4,59
2026-05-19T15:00,15.1,21.1,92
2026-05-19T16:00,14.6,17.8,40
2026-05-19T17:00,14.2,19.2,39
2026-05-19T18:00,14.1,20.1,77
2026-05-19T19:00,13.2,18.3,91
2026-05-19T20:00,12.5,19.5,89
2026-05-19T21:00,11.5,18.7,95
2026-05-19T22:00,11.2,21.5,100
2026-05-19T23:00,11.0,20.8,100
2026-05-20T00:00,10.8,20.4,66
2026-05-20T01:00,10.1,19.4,76
2026-05-20T02:00,10.1,18.9,100
2026-05-20T03:00,10.1,18.1,100
2026-05-20T04:00,9.9,17.3,95
2026-05-20T05:00,10.2,17.1,100
2026-05-20T06:00,11.1,17.3,13
2026-05-20T07:00,12.1,17.7,40
2026-05-20T08:00,12.9,18.4,89
2026-05-20T09:00,13.4,18.8,55
2026-05-20T10:00,14.9,21.2,80
2026-05-20T11:00,15.6,22.9,100
2026-05-20T12:00,15.9,22.3,23
2026-05-20T13:00,16.5,23.5,100
2026-05-20T14:00,16.1,20.7,98
2026-05-20T15:00,16.1,23.0,100
2026-05-20T16:00,16.0,22.6,100
2026-05-20T17:00,15.5,17.5,100
2026-05-20T18:00,15.3,18.7,66
2026-05-20T19:00,14.6,17.6,48
2026-05-20T20:00,13.6,16.5,14
2026-05-20T21:00,12.5,13.2,41
2026-05-20T22:00,11.7,12.3,31
2026-05-20T23:00,10.9,12.2,13
2026-05-21T00:00,10.6,13.2,18
2026-05-21T01:00,10.4,12.2,80
2026-05-21T02:00,10.9,13.0,96
2026-05-21T03:00,10.9,14.7,93
2026-05-21T04:00,10.9,15.5,100
2026-05-21T05:00,11.5,15.0,100
2026-05-21T06:00,12.5,15.9,100
2026-05-21T07:00,13.8,17.1,100
2026-05-21T08:00,14.5,18.3,100
2026-05-21T09:00,15.0,18.5,100
2026-05-21T10:00,15.6,17.2,100
2026-05-21T11:00,16.8,16.9,100
2026-05-21T12:00,18.2,18.3,100
2026-05-21T13:00,19.0,17.2,62
2026-05-21T14:00,20.0,15.9,50
2026-05-21T15:00,20.8,14.6,88
2026-05-21T16:00,20.5,12.7,88
2026-05-21T17:00,20.5,13.4,100
2026-05-21T18:00,20.5,7.7,77
2026-05-21T19:00,20.0,6.2,82
2026-05-21T20:00,18.5,10.5,95
2026-05-21T21:00,17.8,10.8,2
2026-05-21T22:00,16.9,13.1,2
2026-05-21T23:00,15.9,11.4,2
2026-05-22T00:00,14.8,10.7,13
2026-05-22T01:00,13.9,11.7,31
2026-05-22T02:00,13.1,11.2,13
2026-05-22T03:00,12.9,11.7,44
2026-05-22T04:00,12.8,12.3,48
2026-05-22T05:00,13.1,11.7,33
2026-05-22T06:00,14.6,10.1,53
2026-05-22T07:00,16.6,8.8,74
2026-05-22T08:00,18.6,10.2,60
2026-05-22T09:00,20.5,12.2,79
2026-05-22T10:00,22.1,13.7,90
2026-05-22T11:00,23.3,15.7,95
2026-05-22T12:00,25.0,17.6,84
2026-05-22T13:00,25.8,18.7,81
2026-05-22T14:00,26.1,19.0,89
2026-05-22T15:00,26.1,19.0,50
2026-05-22T16:00,26.0,18.8,74
2026-05-22T17:00,25.4,18.9,54
2026-05-22T18:00,25.1,18.0,80
2026-05-22T19:00,23.5,16.9,74
2026-05-22T20:00,22.1,13.5,43
2026-05-22T21:00,20.9,12.7,66
2026-05-22T22:00,19.9,12.1,98
2026-05-22T23:00,19.1,11.6,89
2026-05-23T00:00,19.0,8.7,91
2026-05-23T01:00,18.6,8.1,97
2026-05-23T02:00,18.0,9.8,34
2026-05-23T03:00,17.0,9.2,20
2026-05-23T04:00,15.6,8.2,0
2026-05-23T05:00,14.8,9.8,0
2026-05-23T06:00,14.9,7.6,1
2026-05-23T07:00,16.0,6.0,11
2026-05-23T08:00,17.6,6.2,13
2026-05-23T09:00,19.5,5.2,21
2026-05-23T10:00,22.1,6.5,65
2026-05-23T11:00,22.5,7.7,45
2026-05-23T12:00,23.5,9.5,65
2026-05-23T13:00,23.8,8.9,31
2026-05-23T14:00,24.7,8.3,41
2026-05-23T15:00,25.0,8.6,72
2026-05-23T16:00,25.0,8.7,85
2026-05-23T17:00,24.5,9.7,86
2026-05-23T18:00,23.9,9.1,97
2026-05-23T19:00,23.0,8.8,96
2026-05-23T20:00,22.4,6.0,95
2026-05-23T21:00,21.1,4.1,92
2026-05-23T22:00,19.8,6.4,87
2026-05-23T23:00,18.2,7.0,78
2026-05-24T00:00,16.5,8.0,33
2026-05-24T01:00,15.4,6.7,2
2026-05-24T02:00,14.7,5.7,5
2026-05-24T03:00,14.1,5.0,18
2026-05-24T04:00,13.4,5.2,35
2026-05-24T05:00,13.5,5.9,17
2026-05-24T06:00,14.9,4.6,15
2026-05-24T07:00,17.3,1.7,33
2026-05-24T08:00,19.5,1.2,59
2026-05-24T09:00,21.4,3.5,77
2026-05-24T10:00,23.1,4.8,91
2026-05-24T11:00,24.6,5.3,95
2026-05-24T12:00,26.4,6.8,61
2026-05-24T13:00,27.4,7.0,3
2026-05-24T14:00,28.1,7.1,0
2026-05-24T15:00,28.5,7.6,0
2026-05-24T16:00,28.5,8.1,0
2026-05-24T17:00,28.1,8.7,0
2026-05-24T18:00,27.5,9.4,0
2026-05-24T19:00,26.5,8.5,0
2026-05-24T20:00,25.6,6.2,0
2026-05-24T21:00,24.9,3.3,0
2026-05-24T22:00,24.3,2.2,0
2026-05-24T23:00,23.8,0.4,0
2026-05-25T00:00,22.7,0.2,0
2026-05-25T01:00,21.5,3.6,0
2026-05-25T02:00,20.5,6.3,0
2026-05-25T03:00,19.9,4.7,0
2026-05-25T04:00,19.4,5.5,0
2026-05-25T05:00,19.2,6.9,0
2026-05-25T06:00,21.0,5.3,0
2026-05-25T07:00,23.9,2.9,0
2026-05-25T08:00,26.2,4.0,0
2026-05-25T09:00,27.7,6.5,0
2026-05-25T10:00,28.8,9.1,0
2026-05-25T11:00,29.6,10.4,0
2026-05-25T12:00,31.0,11.4,0
2026-05-25T13:00,31.4,12.4,0
2026-05-25T14:00,31.7,13.2,0
2026-05-25T15:00,31.6,13.5,0
2026-05-25T16:00,31.5,13.2,22
2026-05-25T17:00,31.1,13.4,21
2026-05-25T18:00,30.9,11.9,4
2026-05-25T19:00,30.1,10.6,2
2026-05-25T20:00,29.1,9.4,2
2026-05-25T21:00,28.1,8.9,0
2026-05-25T22:00,26.7,8.5,0
2026-05-25T23:00,25.5,9.1,0
2026-05-26T00:00,23.8,8.3,0
2026-05-26T01:00,22.6,7.5,0
2026-05-26T02:00,21.8,6.1,0
2026-05-26T03:00,21.1,4.8,0
2026-05-26T04:00,20.5,4.3,0
2026-05-26T05:00,20.5,5.2,0
2026-05-26T06:00,22.2,4.0,0
2026-05-26T07:00,24.1,4.5,0
2026-05-26T08:00,26.0,5.2,0
2026-05-26T09:00,27.5,5.2,0
2026-05-26T10:00,29.0,5.3,2
2026-05-26T11:00,30.2,6.7,23
2026-05-26T12:00,31.4,9.0,11
2026-05-26T13:00,31.9,10.9,20
2026-05-26T14:00,31.8,10.6,15
2026-05-26T15:00,32.1,10.0,20
2026-05-26T16:00,31.9,9.4,43
2026-05-26T17:00,31.7,5.8,48
2026-05-26T18:00,30.2,6.7,99
2026-05-26T19:00,24.5,17.2,46
2026-05-26T20:00,24.3,6.7,25
2026-05-26T21:00,23.6,9.9,5
2026-05-26T22:00,21.4,13.5,5
2026-05-26T23:00,19.4,13.0,5
2026-05-27T00:00,17.5,14.5,4
2026-05-27T01:00,16.2,14.0,2
2026-05-27T02:00,15.4,13.5,1
2026-05-27T03:00,14.6,13.5,0
2026-05-27T04:00,13.9,13.1,0
2026-05-27T05:00,13.9,13.1,0
2026-05-27T06:00,14.4,13.4,6
2026-05-27T07:00,15.9,14.0,1
2026-05-27T08:00,17.8,13.7,0
2026-05-27T09:00,19.5,14.0,0
2026-05-27T10:00,21.2,14.8,25
2026-05-27T11:00,22.8,15.0,41
2026-05-27T12:00,22.0,14.3,9
2026-05-27T13:00,24.5,15.1,7
2026-05-27T14:00,25.8,12.5,2
2026-05-27T15:00,26.0,14.6,2
2026-05-27T16:00,26.2,15.2,1
2026-05-27T17:00,26.1,14.8,0
2026-05-27T18:00,25.1,16.7,0
2026-05-27T19:00,23.6,14.0,0
2026-05-27T20:00,22.0,15.9,1
2026-05-27T21:00,20.4,15.9,2
2026-05-27T22:00,19.0,15.2,1
2026-05-27T23:00,17.6,12.8,5
2026-05-28T00:00,16.2,11.2,1
2026-05-28T01:00,15.4,8.1,41
2026-05-28T02:00,13.5,12.8,92
2026-05-28T03:00,11.8,19.7,98
2026-05-28T04:00,11.6,15.0,43
2026-05-28T05:00,12.0,13.4,23
2026-05-28T06:00,12.5,16.7,98
2026-05-28T07:00,13.4,8.8,59
2026-05-28T08:00,15.5,6.7,38
2026-05-28T09:00,17.5,12.3,0
2026-05-28T10:00,20.5,12.6,1
2026-05-28T11:00,23.0,12.5,58
2026-05-28T12:00,26.1,14.2,93
2026-05-28T13:00,26.9,16.8,98
2026-05-28T14:00,27.8,17.8,94
2026-05-28T15:00,28.4,16.6,98
2026-05-28T16:00,28.4,19.4,56
2026-05-28T17:00,28.3,24.6,70
2026-05-28T18:00,27.6,18.5,42
2026-05-28T19:00,26.3,18.6,23
2026-05-28T20:00,24.1,17.8,6
2026-05-28T21:00,22.8,17.2,30
2026-05-28T22:00,20.7,15.8,37
2026-05-28T23:00,18.2,14.8,23
2026-05-29T00:00,16.6,12.2,88
2026-05-29T01:00,15.9,10.6,88
2026-05-29T02:00,15.2,9.0,88
2026-05-29T03:00,14.6,8.9,100
2026-05-29T04:00,14.1,8.2,100
2026-05-29T05:00,14.1,8.2,99
2026-05-29T06:00,14.3,12.8,100
2026-05-29T07:00,14.9,10.5,98
2026-05-29T08:00,16.2,9.5,99
2026-05-29T09:00,17.7,10.6,100
2026-05-29T10:00,18.5,12.9,100
2026-05-29T11:00,18.0,12.8,98
2026-05-29T12:00,19.6,13.8,47
2026-05-29T13:00,20.5,11.2,5
2026-05-29T14:00,22.0,11.9,2
2026-05-29T15:00,22.8,11.1,1
2026-05-29T16:00,23.0,10.7,0
2026-05-29T17:00,22.8,11.2,2
2026-05-29T18:00,22.4,9.5,0
2026-05-29T19:00,21.6,9.8,0
2026-05-29T20:00,19.9,11.7,17
2026-05-29T21:00,18.1,11.6,40
2026-05-29T22:00,16.9,10.2,61
2026-05-29T23:00,15.9,9.4,35
2026-05-30T00:00,14.2,8.7,63
2026-05-30T01:00,13.6,6.2,86
2026-05-30T02:00,13.1,4.1,89
2026-05-30T03:00,12.6,2.6,91
2026-05-30T04:00,12.0,3.0,96
2026-05-30T05:00,12.4,3.7,91
2026-05-30T06:00,13.6,2.9,59
2026-05-30T07:00,15.9,1.5,84
2026-05-30T08:00,17.7,0.8,98
2026-05-30T09:00,19.4,2.3,98
2026-05-30T10:00,20.9,3.4,99
2026-05-30T11:00,22.0,4.4,100
2026-05-30T12:00,23.3,4.8,71
2026-05-30T13:00,24.3,5.5,41
2026-05-30T14:00,25.0,6.6,16
2026-05-30T15:00,25.2,8.3,10
2026-05-30T16:00,25.2,8.5,95
2026-05-30T17:00,24.6,8.7,100
2026-05-30T18:00,23.5,10.0,100
2026-05-30T19:00,22.5,10.1,100
2026-05-30T20:00,21.9,8.9,100
2026-05-30T21:00,21.0,8.0,98
2026-05-30T22:00,19.2,12.3,98
2026-05-30T23:00,17.4,11.8,35
2026-05-31T00:00,16.5,9.4,9
2026-05-31T01:00,15.8,8.3,1
2026-05-31T02:00,15.2,7.6,10
2026-05-31T03:00,14.6,10.3,78
2026-05-31T04:00,14.3,11.1,30
2026-05-31T05:00,14.1,11.0,84
2026-05-31T06:00,14.9,11.4,100
2026-05-31T07:00,15.1,15.1,64
2026-05-31T08:00,16.6,14.0,48
2026-05-31T09:00,18.4,14.4,80
2026-05-31T10:00,19.3,16.0,97
2026-05-31T11:00,19.4,16.3,100
2026-05-31T12:00,20.1,16.4,99
2026-05-31T13:00,20.5,16.7,98
2026-05-31T14:00,20.8,17.3,99
2026-05-31T15:00,20.4,17.6,100
2026-05-31T16:00,20.5,16.8,37
2026-05-31T17:00,20.4,16.6,45
2026-05-31T18:00,19.6,16.8,20
2026-05-31T19:00,18.5,15.7,25
2026-05-31T20:00,17.5,14.0,3
2026-05-31T21:00,16.7,11.9,3
2026-05-31T22:00,16.0,9.3,8
2026-05-31T23:00,15.4,9.9,6
2026-06-01T00:00,14.2,9.6,30
2026-06-01T01:00,13.6,9.7,58
2026-06-01T02:00,12.9,9.7,80
2026-06-01T03:00,12.2,9.5,66
2026-06-01T04:00,11.8,9.8,99
2026-06-01T05:00,12.4,11.9,98
2026-06-01T06:00,13.7,16.2,100
2026-06-01T07:00,14.6,15.7,96
2026-06-01T08:00,16.0,17.8,100
2026-06-01T09:00,16.6,17.8,83
2026-06-01T10:00,18.2,19.2,100
2026-06-01T11:00,17.8,19.2,100
2026-06-01T12:00,18.4,19.4,100
2026-06-01T13:00,17.5,20.2,100
2026-06-01T14:00,18.0,21.2,100
2026-06-01T15:00,18.2,20.1,100
2026-06-01T16:00,17.5,16.3,100
2026-06-01T17:00,16.6,18.1,100
2026-06-01T18:00,16.6,18.0,100
2026-06-01T19:00,16.2,19.3,100
2026-06-01T20:00,15.5,19.0,100
2026-06-01T21:00,15.1,16.6,100
2026-06-01T22:00,14.9,20.4,100
2026-06-01T23:00,14.6,16.0,100
