Timestamp,Temperature_C,WindSpeed,CloudCover
2026-03-01 00:00:00,4.2,13.1,6
2026-03-01 01:00:00,4.5,14.8,63
2026-03-01 02:00:00,4.8,15.5,100
2026-03-01 03:00:00,6.1,15.5,100
2026-03-01 04:00:00,6.7,15.9,100
2026-03-01 05:00:00,6.8,14.8,100
2026-03-01 06:00:00,7.1,15.9,100
2026-03-01 07:00:00,7.2,15.7,100
2026-03-01 08:00:00,7.0,15.2,100
2026-03-01 09:00:00,7.8,17.1,49
2026-03-01 10:00:00,9.4,22.0,41
2026-03-01 11:00:00,10.8,23.9,100
2026-03-01 12:00:00,10.6,18.5,100
2026-03-01 13:00:00,11.3,24.6,98
2026-03-01 14:00:00,11.9,25.8,71
2026-03-01 15:00:00,12.2,21.5,89
2026-03-01 16:00:00,12.1,21.0,100
2026-03-01 17:00:00,11.4,21.7,100
2026-03-01 18:00:00,10.8,22.9,100
2026-03-01 19:00:00,10.4,25.4,100
2026-03-01 20:00:00,9.9,24.7,100
2026-03-01 21:00:00,10.1,24.7,100
2026-03-01 22:00:00,9.9,25.3,100
2026-03-01 23:00:00,9.8,26.3,100
2026-03-02 00:00:00,9.4,25.3,100
2026-03-02 01:00:00,9.2,24.7,100
2026-03-02 02:00:00,9.1,24.0,100
2026-03-02 03:00:00,8.8,23.5,99
2026-03-02 04:00:00,8.2,22.2,95
2026-03-02 05:00:00,7.9,21.5,97
2026-03-02 06:00:00,7.6,19.6,99
2026-03-02 07:00:00,7.6,18.8,96
2026-03-02 08:00:00,7.9,17.7,99
2026-03-02 09:00:00,9.3,14.1,100
2026-03-02 10:00:00,10.5,20.5,94
2026-03-02 11:00:00,11.9,24.0,83
2026-03-02 12:00:00,12.5,22.9,83
2026-03-02 13:00:00,13.6,22.9,91
2026-03-02 14:00:00,13.9,21.4,83
2026-03-02 15:00:00,14.4,22.3,49
2026-03-02 16:00:00,13.9,17.6,23
2026-03-02 17:00:00,12.9,12.5,25
2026-03-02 18:00:00,11.4,10.3,19
2026-03-02 19:00:00,10.8,8.3,80
2026-03-02 20:00:00,10.0,4.7,100
2026-03-02 21:00:00,9.4,2.9,28
2026-03-02 22:00:00,8.8,8.1,100
2026-03-02 23:00:00,8.8,7.5,100
2026-03-03 00:00:00,8.2,5.9,100
2026-03-03 01:00:00,8.3,4.5,100
2026-03-03 02:00:00,8.1,5.4,100
2026-03-03 03:00:00,8.0,6.5,100
2026-03-03 04:00:00,7.9,7.3,100
2026-03-03 05:00:00,7.4,6.1,100
2026-03-03 06:00:00,6.9,6.8,100
2026-03-03 07:00:00,6.7,5.6,100
2026-03-03 08:00:00,7.1,7.1,88
2026-03-03 09:00:00,8.0,7.3,66
2026-03-03 10:00:00,8.9,9.5,100
2026-03-03 11:00:00,9.4,10.8,100
2026-03-03 12:00:00,9.1,10.3,100
2026-03-03 13:00:00,10.3,10.1,100
2026-03-03 14:00:00,10.6,9.7,100
2026-03-03 15:00:00,10.8,9.0,100
2026-03-03 16:00:00,10.4,8.8,100
2026-03-03 17:00:00,9.9,8.7,100
2026-03-03 18:00:00,9.2,8.4,100
2026-03-03 19:00:00,9.1,8.9,100
2026-03-03 20:00:00,8.5,10.3,100
2026-03-03 21:00:00,7.8,9.6,100
2026-03-03 22:00:00,7.3,8.9,100
2026-03-03 23:00:00,7.0,8.6,100
2026-03-04 00:00:00,6.8,8.1,89
2026-03-04 01:00:00,6.7,7.8,97
2026-03-04 02:00:00,6.4,7.8,9
2026-03-04 03:00:00,5.8,8.4,0
2026-03-04 04:00:00,5.2,8.7,0
2026-03-04 05:00:00,4.8,8.5,0
2026-03-04 06:00:00,4.3,8.7,0
2026-03-04 07:00:00,4.2,8.1,0
2026-03-04 08:00:00,4.8,8.9,0
2026-03-04 09:00:00,6.2,7.0,0
2026-03-04 10:00:00,8.0,7.2,1
2026-03-04 11:00:00,9.8,8.1,0
2026-03-04 12:00:00,10.3,8.8,0
2026-03-04 13:00:00,11.4,9.3,0
2026-03-04 14:00:00,12.1,9.3,0
2026-03-04 15:00:00,12.6,10.0,0
2026-03-04 16:00:00,12.5,10.6,0
2026-03-04 17:00:00,11.8,10.2,0
2026-03-04 18:00:00,10.4,11.8,0
2026-03-04 19:00:00,9.5,12.5,0
2026-03-04 20:00:00,8.9,12.5,0
2026-03-04 21:00:00,8.4,13.3,0
2026-03-04 22:00:00,8.1,13.8,0
2026-03-04 23:00:00,7.7,14.2,0
2026-03-05 00:00:00,7.2,14.0,0
2026-03-05 01:00:00,6.8,13.0,0
2026-03-05 02:00:00,6.7,12.2,0
2026-03-05 03:00:00,6.5,12.5,0
2026-03-05 04:00:00,6.3,11.9,0
2026-03-05 05:00:00,6.2,12.1,0
2026-03-05 06:00:00,5.6,11.0,0
2026-03-05 07:00:00,5.4,10.1,0
2026-03-05 08:00:00,6.2,9.8,0
2026-03-05 09:00:00,7.8,8.3,0
2026-03-05 10:00:00,9.6,8.4,0
2026-03-05 11:00:00,11.4,9.1,0
2026-03-05 12:00:00,13.1,9.7,6
2026-03-05 13:00:00,14.4,10.0,40
2026-03-05 14:00:00,15.2,11.6,0
2026-03-05 15:00:00,15.3,12.9,0
2026-03-05 16:00:00,15.1,12.3,3
2026-03-05 17:00:00,14.2,9.8,44
2026-03-05 18:00:00,12.9,7.6,78
2026-03-05 19:00:00,12.6,8.3,99
2026-03-05 20:00:00,11.9,10.1,100
2026-03-05 21:00:00,11.6,8.5,98
2026-03-05 22:00:00,10.4,7.9,55
2026-03-05 23:00:00,9.1,12.5,100
2026-03-06 00:00:00,6.7,15.2,100
2026-03-06 01:00:00,5.7,14.8,100
2026-03-06 02:00:00,5.6,13.9,100
2026-03-06 03:00:00,5.3,13.0,100
2026-03-06 04:00:00,4.8,13.7,100
2026-03-06 05:00:00,4.8,13.4,100
2026-03-06 06:00:00,4.3,14.4,100
2026-03-06 07:00:00,4.8,12.9,100
2026-03-06 08:00:00,4.8,13.8,100
2026-03-06 09:00:00,5.2,11.3,100
2026-03-06 10:00:00,5.9,11.8,100
2026-03-06 11:00:00,6.7,10.4,100
2026-03-06 12:00:00,6.3,10.2,100
2026-03-06 13:00:00,6.8,10.1,100
2026-03-06 14:00:00,7.0,8.8,100
2026-03-06 15:00:00,7.4,10.3,100
2026-03-06 16:00:00,7.5,10.7,100
2026-03-06 17:00:00,7.2,9.8,100
2026-03-06 18:00:00,6.8,7.4,100
2026-03-06 19:00:00,6.5,5.6,100
2026-03-06 20:00:00,6.3,4.5,100
2026-03-06 21:00:00,5.8,5.6,26
2026-03-06 22:00:00,5.2,5.1,66
2026-03-06 23:00:00,4.8,4.6,100
2026-03-07 00:00:00,5.0,4.6,100
2026-03-07 01:00:00,4.9,4.5,98
2026-03-07 02:00:00,4.8,4.5,96
2026-03-07 03:00:00,4.6,4.5,99
2026-03-07 04:00:00,4.2,5.4,55
2026-03-07 05:00:00,4.1,4.4,50
2026-03-07 06:00:00,4.2,4.1,98
2026-03-07 07:00:00,4.6,5.0,100
2026-03-07 08:00:00,5.0,6.5,100
2026-03-07 09:00:00,5.4,6.8,100
2026-03-07 10:00:00,5.9,6.7,100
2026-03-07 11:00:00,6.4,7.2,100
2026-03-07 12:00:00,6.4,8.1,100
2026-03-07 13:00:00,6.8,8.5,100
2026-03-07 14:00:00,7.3,9.4,100
2026-03-07 15:00:00,7.6,8.8,100
2026-03-07 16:00:00,7.8,8.5,100
2026-03-07 17:00:00,7.7,7.9,100
2026-03-07 18:00:00,7.2,5.2,100
2026-03-07 19:00:00,6.9,5.1,100
2026-03-07 20:00:00,6.8,4.8,100
2026-03-07 21:00:00,6.7,4.8,100
2026-03-07 22:00:00,6.7,4.8,100
2026-03-07 23:00:00,6.7,3.9,100
2026-03-08 00:00:00,7.1,3.9,100
2026-03-08 01:00:00,7.1,4.0,100
2026-03-08 02:00:00,7.1,3.4,100
2026-03-08 03:00:00,7.0,2.2,100
2026-03-08 04:00:00,6.8,3.2,100
2026-03-08 05:00:00,6.6,4.4,100
2026-03-08 06:00:00,6.9,5.4,100
2026-03-08 07:00:00,6.9,6.5,100
2026-03-08 08:00:00,7.3,9.1,100
2026-03-08 09:00:00,7.9,8.1,100
2026-03-08 10:00:00,8.7,9.1,100
2026-03-08 11:00:00,9.4,9.1,100
2026-03-08 12:00:00,9.3,9.9,100
2026-03-08 13:00:00,9.6,9.5,100
2026-03-08 14:00:00,9.9,9.7,100
2026-03-08 15:00:00,10.1,9.7,100
2026-03-08 16:00:00,10.2,9.9,100
2026-03-08 17:00:00,9.9,8.8,100
2026-03-08 18:00:00,9.0,6.9,100
2026-03-08 19:00:00,8.7,7.3,100
2026-03-08 20:00:00,8.5,7.4,100
2026-03-08 21:00:00,8.4,7.5,100
2026-03-08 22:00:00,8.2,7.5,100
2026-03-08 23:00:00,8.1,8.0,100
2026-03-09 00:00:00,8.4,6.9,48
2026-03-09 01:00:00,7.7,7.2,100
2026-03-09 02:00:00,7.5,6.7,100
2026-03-09 03:00:00,7.2,6.8,100
2026-03-09 04:00:00,7.0,7.7,100
2026-03-09 05:00:00,6.8,8.4,100
2026-03-09 06:00:00,6.6,7.7,100
2026-03-09 07:00:00,6.5,7.8,100
2026-03-09 08:00:00,6.6,8.4,100
2026-03-09 09:00:00,7.1,8.1,100
2026-03-09 10:00:00,8.1,8.4,100
2026-03-09 11:00:00,8.9,8.6,100
2026-03-09 12:00:00,8.4,8.5,100
2026-03-09 13:00:00,9.1,9.0,100
2026-03-09 14:00:00,9.2,10.6,100
2026-03-09 15:00:00,9.5,11.0,100
2026-03-09 16:00:00,9.9,12.0,100
2026-03-09 17:00:00,10.1,5.4,33
2026-03-09 18:00:00,9.1,5.6,23
2026-03-09 19:00:00,8.4,7.7,40
2026-03-09 20:00:00,7.9,8.7,16
2026-03-09 21:00:00,7.8,9.7,62
2026-03-09 22:00:00,8.0,10.8,43
2026-03-09 23:00:00,7.8,11.8,37
2026-03-10 00:00:00,7.8,13.3,100
2026-03-10 01:00:00,7.4,12.1,55
2026-03-10 02:00:00,6.8,11.2,82
2026-03-10 03:00:00,6.3,10.3,93
2026-03-10 04:00:00,5.7,10.6,94
2026-03-10 05:00:00,5.3,11.0,100
2026-03-10 06:00:00,5.2,11.7,95
2026-03-10 07:00:00,4.9,11.2,100
2026-03-10 08:00:00,5.6,10.5,100
2026-03-10 09:00:00,6.4,13.0,100
2026-03-10 10:00:00,7.8,18.5,98
2026-03-10 11:00:00,8.8,20.7,99
2026-03-10 12:00:00,9.4,20.2,68
2026-03-10 13:00:00,10.1,22.3,100
2026-03-10 14:00:00,10.4,22.0,100
2026-03-10 15:00:00,10.3,23.5,100
2026-03-10 16:00:00,10.1,20.7,100
2026-03-10 17:00:00,9.6,21.1,100
2026-03-10 18:00:00,9.1,21.7,100
2026-03-10 19:00:00,8.9,23.3,100
2026-03-10 20:00:00,8.8,24.8,100
2026-03-10 21:00:00,8.7,26.0,100
2026-03-10 22:00:00,8.9,27.9,100
2026-03-10 23:00:00,9.1,28.4,100
2026-03-11 00:00:00,9.1,25.1,100
2026-03-11 01:00:00,9.4,22.9,100
2026-03-11 02:00:00,9.4,21.0,100
2026-03-11 03:00:00,9.4,17.9,100
2026-03-11 04:00:00,8.7,17.8,12
2026-03-11 05:00:00,7.6,18.3,41
2026-03-11 06:00:00,6.9,18.1,55
2026-03-11 07:00:00,6.5,16.3,15
2026-03-11 08:00:00,6.8,17.0,16
2026-03-11 09:00:00,7.7,17.0,9
2026-03-11 10:00:00,8.6,20.2,14
2026-03-11 11:00:00,9.3,20.7,16
2026-03-11 12:00:00,9.9,19.7,15
2026-03-11 13:00:00,10.4,22.1,47
2026-03-11 14:00:00,10.4,22.3,29
2026-03-11 15:00:00,10.1,20.9,41
2026-03-11 16:00:00,9.6,16.5,2
2026-03-11 17:00:00,9.1,16.2,26
2026-03-11 18:00:00,8.1,12.7,59
2026-03-11 19:00:00,7.2,10.6,29
2026-03-11 20:00:00,6.4,12.3,48
2026-03-11 21:00:00,6.2,15.8,99
2026-03-11 22:00:00,5.8,16.2,16
2026-03-11 23:00:00,5.8,18.0,27
2026-03-12 00:00:00,6.1,19.3,83
2026-03-12 01:00:00,6.4,20.4,96
2026-03-12 02:00:00,6.3,20.2,90
2026-03-12 03:00:00,6.6,22.6,97
2026-03-12 04:00:00,6.7,25.6,100
2026-03-12 05:00:00,6.8,26.6,100
2026-03-12 06:00:00,7.4,28.1,100
2026-03-12 07:00:00,7.6,27.4,100
2026-03-12 08:00:00,8.2,28.5,100
2026-03-12 09:00:00,8.8,28.2,100
2026-03-12 10:00:00,9.1,26.9,100
2026-03-12 11:00:00,9.5,26.5,100
2026-03-12 12:00:00,10.1,36.1,100
2026-03-12 13:00:00,11.2,43.0,100
2026-03-12 14:00:00,11.0,35.6,100
2026-03-12 15:00:00,11.0,30.3,100
2026-03-12 16:00:00,10.9,33.4,100
2026-03-12 17:00:00,10.8,33.1,100
2026-03-12 18:00:00,10.6,29.9,100
2026-03-12 19:00:00,10.8,32.2,100
2026-03-12 20:00:00,10.4,31.5,100
2026-03-12 21:00:00,10.1,27.9,100
2026-03-12 22:00:00,10.2,31.8,100
2026-03-12 23:00:00,9.6,28.3,100
2026-03-13 00:00:00,8.4,25.4,100
2026-03-13 01:00:00,6.9,26.9,100
2026-03-13 02:00:00,4.8,21.4,100
2026-03-13 03:00:00,4.3,18.2,100
2026-03-13 04:00:00,4.6,21.7,20
2026-03-13 05:00:00,4.2,22.7,2
2026-03-13 06:00:00,3.7,23.0,35
2026-03-13 07:00:00,3.2,20.3,19
2026-03-13 08:00:00,3.8,18.2,94
2026-03-13 09:00:00,5.0,20.5,41
2026-03-13 10:00:00,6.3,22.5,40
2026-03-13 11:00:00,7.3,23.8,45
2026-03-13 12:00:00,7.9,22.8,43
2026-03-13 13:00:00,7.2,23.5,89
2026-03-13 14:00:00,7.7,17.2,54
2026-03-13 15:00:00,7.4,18.9,41
2026-03-13 16:00:00,6.9,19.2,45
2026-03-13 17:00:00,5.7,13.7,65
2026-03-13 18:00:00,4.8,12.6,100
2026-03-13 19:00:00,4.6,11.7,100
2026-03-13 20:00:00,3.8,12.3,95
2026-03-13 21:00:00,3.2,12.4,100
2026-03-13 22:00:00,2.2,13.7,100
2026-03-13 23:00:00,2.0,11.9,99
2026-03-14 00:00:00,1.9,10.8,100
2026-03-14 01:00:00,0.2,4.3,100
2026-03-14 02:00:00,1.1,7.9,100
2026-03-14 03:00:00,1.8,10.4,14
2026-03-14 04:00:00,1.6,12.1,60
2026-03-14 05:00:00,1.5,13.1,78
2026-03-14 06:00:00,1.6,12.6,91
2026-03-14 07:00:00,1.5,12.7,54
2026-03-14 08:00:00,2.3,10.4,95
2026-03-14 09:00:00,3.3,6.3,60
2026-03-14 10:00:00,5.8,11.6,67
2026-03-14 11:00:00,6.9,12.3,15
2026-03-14 12:00:00,8.5,11.3,9
2026-03-14 13:00:00,9.1,10.7,5
2026-03-14 14:00:00,9.4,10.3,9
2026-03-14 15:00:00,9.3,9.4,12
2026-03-14 16:00:00,8.9,8.9,15
2026-03-14 17:00:00,8.2,7.2,10
2026-03-14 18:00:00,6.8,4.3,2
2026-03-14 19:00:00,6.2,5.5,3
2026-03-14 20:00:00,5.2,4.5,2
2026-03-14 21:00:00,4.7,7.6,21
2026-03-14 22:00:00,4.2,7.8,19
2026-03-14 23:00:00,3.8,6.9,17
2026-03-15 00:00:00,4.0,6.8,56
2026-03-15 01:00:00,3.7,9.4,97
2026-03-15 02:00:00,3.3,10.9,100
2026-03-15 03:00:00,3.2,12.2,100
2026-03-15 04:00:00,3.5,12.2,100
2026-03-15 05:00:00,3.7,12.7,98
2026-03-15 06:00:00,4.1,15.8,20
2026-03-15 07:00:00,4.2,17.5,10
2026-03-15 08:00:00,5.2,14.8,84
2026-03-15 09:00:00,6.1,18.4,100
2026-03-15 10:00:00,6.4,20.7,91
2026-03-15 11:00:00,8.4,25.5,73
2026-03-15 12:00:00,10.0,31.5,100
2026-03-15 13:00:00,9.4,26.4,100
2026-03-15 14:00:00,9.1,25.7,100
2026-03-15 15:00:00,9.1,25.7,100
2026-03-15 16:00:00,8.1,18.4,98
2026-03-15 17:00:00,7.8,19.6,100
2026-03-15 18:00:00,7.5,19.9,5
2026-03-15 19:00:00,6.3,17.8,12
2026-03-15 20:00:00,5.7,17.0,32
2026-03-15 21:00:00,5.3,17.8,79
2026-03-15 22:00:00,4.9,18.3,38
2026-03-15 23:00:00,4.5,18.0,43
2026-03-16 00:00:00,4.3,17.4,58
2026-03-16 01:00:00,4.3,17.2,100
2026-03-16 02:00:00,4.4,16.6,81
2026-03-16 03:00:00,4.1,15.9,96
2026-03-16 04:00:00,4.0,16.0,69
2026-03-16 05:00:00,4.0,15.7,99
2026-03-16 06:00:00,4.2,15.3,100
2026-03-16 07:00:00,4.4,14.1,100
2026-03-16 08:00:00,5.5,15.1,44
2026-03-16 09:00:00,6.9,14.6,70
2026-03-16 10:00:00,8.3,20.1,80
2026-03-16 11:00:00,9.0,19.3,100
2026-03-16 12:00:00,8.9,16.9,100
2026-03-16 13:00:00,9.8,16.9,100
2026-03-16 14:00:00,9.5,15.6,100
2026-03-16 15:00:00,9.1,15.3,100
2026-03-16 16:00:00,8.9,15.6,100
2026-03-16 17:00:00,8.9,18.5,100
2026-03-16 18:00:00,9.3,20.0,100
2026-03-16 19:00:00,9.1,19.8,100
2026-03-16 20:00:00,9.1,20.6,100
2026-03-16 21:00:00,9.2,19.9,100
2026-03-16 22:00:00,9.2,19.7,100
2026-03-16 23:00:00,9.3,19.5,98
2026-03-17 00:00:00,9.0,18.4,100
2026-03-17 01:00:00,9.1,18.5,100
2026-03-17 02:00:00,9.3,18.5,100
2026-03-17 03:00:00,9.1,18.9,100
2026-03-17 04:00:00,8.7,19.4,100
2026-03-17 05:00:00,8.9,20.2,100
2026-03-17 06:00:00,8.8,20.2,100
2026-03-17 07:00:00,8.6,18.7,100
2026-03-17 08:00:00,9.0,20.5,100
2026-03-17 09:00:00,9.5,22.8,77
2026-03-17 10:00:00,10.6,24.1,70
2026-03-17 11:00:00,11.8,21.2,38
2026-03-17 12:00:00,12.8,18.8,4
2026-03-17 13:00:00,13.4,18.6,2
2026-03-17 14:00:00,13.9,18.2,2
2026-03-17 15:00:00,14.1,18.5,0
2026-03-17 16:00:00,13.8,19.3,1
2026-03-17 17:00:00,12.9,18.2,1
2026-03-17 18:00:00,11.9,17.1,0
2026-03-17 19:00:00,10.4,16.8,0
2026-03-17 20:00:00,9.6,16.8,0
2026-03-17 21:00:00,9.0,15.3,0
2026-03-17 22:00:00,8.4,13.1,0
2026-03-17 23:00:00,7.9,11.7,0
2026-03-18 00:00:00,7.3,10.3,0
2026-03-18 01:00:00,7.2,9.2,0
2026-03-18 02:00:00,6.9,8.2,0
2026-03-18 03:00:00,6.6,7.8,0
2026-03-18 04:00:00,6.4,8.2,0
2026-03-18 05:00:00,6.1,8.6,0
2026-03-18 06:00:00,5.6,6.4,0
2026-03-18 07:00:00,5.8,6.1,0
2026-03-18 08:00:00,7.2,6.8,0
2026-03-18 09:00:00,9.4,6.1,0
2026-03-18 10:00:00,11.4,7.4,0
2026-03-18 11:00:00,13.3,8.5,0
2026-03-18 12:00:00,15.4,9.2,0
2026-03-18 13:00:00,16.5,9.2,0
2026-03-18 14:00:00,17.1,9.8,0
2026-03-18 15:00:00,17.3,10.4,1
2026-03-18 16:00:00,17.1,9.8,26
2026-03-18 17:00:00,16.3,7.6,38
2026-03-18 18:00:00,15.1,8.1,18
2026-03-18 19:00:00,13.8,9.7,0
2026-03-18 20:00:00,12.5,11.4,0
2026-03-18 21:00:00,11.1,11.5,18
2026-03-18 22:00:00,9.7,10.8,37
2026-03-18 23:00:00,8.6,10.3,49
2026-03-19 00:00:00,7.4,9.8,38
2026-03-19 01:00:00,6.5,7.3,0
2026-03-19 02:00:00,5.5,5.0,0
2026-03-19 03:00:00,4.8,4.4,0
2026-03-19 04:00:00,4.2,5.3,0
2026-03-19 05:00:00,3.8,6.0,0
2026-03-19 06:00:00,3.3,5.6,0
2026-03-19 07:00:00,3.7,6.3,5
2026-03-19 08:00:00,5.3,7.1,16
2026-03-19 09:00:00,7.6,4.9,9
2026-03-19 10:00:00,9.7,5.8,3
2026-03-19 11:00:00,11.5,7.1,0
2026-03-19 12:00:00,13.4,7.6,0
2026-03-19 13:00:00,14.3,7.7,5
2026-03-19 14:00:00,14.7,8.3,7
2026-03-19 15:00:00,14.7,8.7,52
2026-03-19 16:00:00,14.4,9.3,100
2026-03-19 17:00:00,13.6,8.5,100
2026-03-19 18:00:00,12.0,9.1,99
2026-03-19 19:00:00,10.9,8.4,98
2026-03-19 20:00:00,9.9,7.3,73
2026-03-19 21:00:00,8.8,6.9,1
2026-03-19 22:00:00,7.7,7.9,0
2026-03-19 23:00:00,6.7,7.6,0
2026-03-20 00:00:00,5.8,6.4,0
2026-03-20 01:00:00,4.9,4.4,2
2026-03-20 02:00:00,4.4,5.3,0
2026-03-20 03:00:00,4.0,5.9,0
2026-03-20 04:00:00,3.5,5.9,2
2026-03-20 05:00:00,3.1,5.6,53
2026-03-20 06:00:00,3.0,6.1,100
2026-03-20 07:00:00,3.3,5.6,100
2026-03-20 08:00:00,3.8,4.5,100
2026-03-20 09:00:00,5.3,3.9,100
2026-03-20 10:00:00,7.4,3.2,100
2026-03-20 11:00:00,9.0,3.7,100
2026-03-20 12:00:00,9.9,4.5,100
2026-03-20 13:00:00,10.7,3.9,100
2026-03-20 14:00:00,11.6,3.9,100
2026-03-20 15:00:00,11.9,4.8,100
2026-03-20 16:00:00,11.6,5.3,100
2026-03-20 17:00:00,11.1,4.9,100
2026-03-20 18:00:00,10.1,3.4,99
2026-03-20 19:00:00,9.0,4.0,100
2026-03-20 20:00:00,8.4,4.3,100
2026-03-20 21:00:00,7.4,4.2,70
2026-03-20 22:00:00,6.6,4.0,1
2026-03-20 23:00:00,5.9,4.3,70
2026-03-21 00:00:00,5.6,3.9,95
2026-03-21 01:00:00,4.9,3.8,100
2026-03-21 02:00:00,4.6,2.5,99
2026-03-21 03:00:00,4.2,1.5,100
2026-03-21 04:00:00,3.7,2.3,100
2026-03-21 05:00:00,3.3,1.7,100
2026-03-21 06:00:00,3.0,0.4,100
2026-03-21 07:00:00,3.4,2.7,100
2026-03-21 08:00:00,4.4,2.2,100
2026-03-21 09:00:00,6.3,2.9,100
2026-03-21 10:00:00,8.8,3.2,99
2026-03-21 11:00:00,10.5,5.2,99
2026-03-21 12:00:00,11.7,4.1,99
2026-03-21 13:00:00,12.8,3.9,100
2026-03-21 14:00:00,13.2,4.8,77
2026-03-21 15:00:00,13.5,4.6,28
2026-03-21 16:00:00,13.2,4.8,23
2026-03-21 17:00:00,12.6,4.5,0
2026-03-21 18:00:00,11.1,3.2,6
2026-03-21 19:00:00,9.9,2.5,2
2026-03-21 20:00:00,8.8,4.2,0
2026-03-21 21:00:00,8.0,4.3,0
2026-03-21 22:00:00,7.2,4.7,0
2026-03-21 23:00:00,6.8,6.6,0
2026-03-22 00:00:00,5.6,4.7,0
2026-03-22 01:00:00,4.8,4.5,0
2026-03-22 02:00:00,4.7,5.4,0
2026-03-22 03:00:00,4.2,5.0,0
2026-03-22 04:00:00,3.9,5.3,0
2026-03-22 05:00:00,3.5,5.1,14
2026-03-22 06:00:00,2.5,4.2,12
2026-03-22 07:00:00,3.2,4.2,16
2026-03-22 08:00:00,5.4,3.1,26
2026-03-22 09:00:00,7.8,2.7,46
2026-03-22 10:00:00,9.8,2.0,83
2026-03-22 11:00:00,11.2,1.8,99
2026-03-22 12:00:00,12.1,1.8,100
2026-03-22 13:00:00,13.1,3.1,100
2026-03-22 14:00:00,13.4,5.2,100
2026-03-22 15:00:00,12.9,6.9,100
2026-03-22 16:00:00,12.2,7.8,100
2026-03-22 17:00:00,11.3,8.2,100
2026-03-22 18:00:00,10.7,10.5,100
2026-03-22 19:00:00,9.3,10.8,100
2026-03-22 20:00:00,8.6,8.8,100
2026-03-22 21:00:00,7.8,11.2,56
2026-03-22 22:00:00,7.6,11.6,91
2026-03-22 23:00:00,7.4,10.1,89
2026-03-23 00:00:00,7.9,8.2,100
2026-03-23 01:00:00,7.7,7.7,30
2026-03-23 02:00:00,6.4,10.1,100
2026-03-23 03:00:00,5.4,8.0,100
2026-03-23 04:00:00,4.8,7.4,100
2026-03-23 05:00:00,4.4,7.3,100
2026-03-23 06:00:00,4.8,5.3,100
2026-03-23 07:00:00,5.2,5.1,100
2026-03-23 08:00:00,6.2,3.1,100
2026-03-23 09:00:00,7.3,1.7,100
2026-03-23 10:00:00,8.5,0.7,100
2026-03-23 11:00:00,10.1,4.8,100
2026-03-23 12:00:00,11.2,9.4,100
2026-03-23 13:00:00,11.4,9.7,100
2026-03-23 14:00:00,11.5,10.1,100
2026-03-23 15:00:00,11.6,10.5,100
2026-03-23 16:00:00,11.7,12.6,100
2026-03-23 17:00:00,11.6,7.7,100
2026-03-23 18:00:00,10.9,8.1,100
2026-03-23 19:00:00,10.2,11.0,100
2026-03-23 20:00:00,9.7,12.9,100
2026-03-23 21:00:00,9.4,15.6,100
2026-03-23 22:00:00,9.1,16.4,100
2026-03-23 23:00:00,8.6,16.8,100
2026-03-24 00:00:00,8.6,17.3,100
2026-03-24 01:00:00,8.2,17.0,100
2026-03-24 02:00:00,8.2,17.8,100
2026-03-24 03:00:00,8.7,20.1,100
2026-03-24 04:00:00,9.0,19.0,100
2026-03-24 05:00:00,9.2,18.1,100
2026-03-24 06:00:00,9.3,18.2,100
2026-03-24 07:00:00,9.6,18.1,100
2026-03-24 08:00:00,10.1,18.6,100
2026-03-24 09:00:00,10.1,19.9,100
2026-03-24 10:00:00,10.6,22.7,100
2026-03-24 11:00:00,11.1,28.3,100
2026-03-24 12:00:00,11.9,29.4,100
2026-03-24 13:00:00,11.6,27.9,100
2026-03-24 14:00:00,11.2,27.5,100
2026-03-24 15:00:00,11.5,27.7,100
2026-03-24 16:00:00,11.2,27.1,98
2026-03-24 17:00:00,10.9,28.8,95
2026-03-24 18:00:00,10.5,29.1,100
2026-03-24 19:00:00,10.1,31.4,100
2026-03-24 20:00:00,9.6,39.2,80
2026-03-24 21:00:00,7.8,27.3,60
2026-03-24 22:00:00,6.8,27.4,53
2026-03-24 23:00:00,6.1,25.6,59
2026-03-25 00:00:00,5.8,24.9,53
2026-03-25 01:00:00,5.8,22.9,45
2026-03-25 02:00:00,5.2,22.2,88
2026-03-25 03:00:00,4.8,20.8,96
2026-03-25 04:00:00,4.4,19.6,95
2026-03-25 05:00:00,4.1,20.1,100
2026-03-25 06:00:00,3.9,20.1,45
2026-03-25 07:00:00,4.0,21.1,59
2026-03-25 08:00:00,4.2,20.6,55
2026-03-25 09:00:00,5.0,25.7,14
2026-03-25 10:00:00,5.9,29.9,27
2026-03-25 11:00:00,6.2,29.8,33
2026-03-25 12:00:00,6.1,28.3,19
2026-03-25 13:00:00,6.2,28.6,25
2026-03-25 14:00:00,6.2,29.9,59
2026-03-25 15:00:00,5.6,27.5,63
2026-03-25 16:00:00,5.0,21.7,45
2026-03-25 17:00:00,5.2,26.0,34
2026-03-25 18:00:00,4.6,20.9,31
2026-03-25 19:00:00,3.5,19.2,25
2026-03-25 20:00:00,3.5,18.6,9
2026-03-25 21:00:00,3.4,17.9,4
2026-03-25 22:00:00,3.3,17.6,63
2026-03-25 23:00:00,3.2,16.5,5
2026-03-26 00:00:00,2.9,16.8,47
2026-03-26 01:00:00,2.6,14.3,45
2026-03-26 02:00:00,2.0,12.6,42
2026-03-26 03:00:00,2.0,12.7,13
2026-03-26 04:00:00,1.9,12.5,9
2026-03-26 05:00:00,1.8,12.0,2
2026-03-26 06:00:00,1.5,10.4,2
2026-03-26 07:00:00,1.9,10.0,0
2026-03-26 08:00:00,3.2,8.9,0
2026-03-26 09:00:00,4.7,10.0,10
2026-03-26 10:00:00,5.7,12.2,35
2026-03-26 11:00:00,6.6,11.3,24
2026-03-26 12:00:00,7.6,9.8,67
2026-03-26 13:00:00,8.4,11.7,66
2026-03-26 14:00:00,8.8,14.7,100
2026-03-26 15:00:00,8.4,14.5,95
2026-03-26 16:00:00,8.1,12.5,100
2026-03-26 17:00:00,7.8,10.4,100
2026-03-26 18:00:00,7.8,5.0,100
2026-03-26 19:00:00,6.9,6.4,96
2026-03-26 20:00:00,6.7,7.2,99
2026-03-26 21:00:00,6.6,7.1,100
2026-03-26 22:00:00,6.3,8.1,100
2026-03-26 23:00:00,6.1,9.7,100
2026-03-27 00:00:00,5.7,11.7,48
2026-03-27 01:00:00,5.8,12.9,100
2026-03-27 02:00:00,6.1,13.6,100
2026-03-27 03:00:00,6.3,14.1,100
2026-03-27 04:00:00,6.6,15.0,100
2026-03-27 05:00:00,6.9,15.3,100
2026-03-27 06:00:00,7.2,15.7,100
2026-03-27 07:00:00,7.6,15.6,100
2026-03-27 08:00:00,8.1,17.6,100
2026-03-27 09:00:00,8.4,18.6,100
2026-03-27 10:00:00,9.1,19.7,100
2026-03-27 11:00:00,10.1,19.5,100
2026-03-27 12:00:00,10.9,16.4,100
2026-03-27 13:00:00,11.1,14.4,100
2026-03-27 14:00:00,10.9,12.6,100
2026-03-27 15:00:00,10.4,13.0,100
2026-03-27 16:00:00,10.2,13.4,100
2026-03-27 17:00:00,8.9,12.9,98
2026-03-27 18:00:00,8.3,10.1,96
2026-03-27 19:00:00,7.3,6.4,22
2026-03-27 20:00:00,6.6,10.7,84
2026-03-27 21:00:00,6.2,13.4,100
2026-03-27 22:00:00,6.2,12.4,95
2026-03-27 23:00:00,5.4,13.0,0
2026-03-28 00:00:00,5.0,13.9,0
2026-03-28 01:00:00,4.2,14.0,0
2026-03-28 02:00:00,3.7,14.1,0
2026-03-28 03:00:00,3.2,13.4,0
2026-03-28 04:00:00,3.0,14.0,0
2026-03-28 05:00:00,2.9,14.7,4
2026-03-28 06:00:00,2.7,15.4,2
2026-03-28 07:00:00,3.0,15.2,5
2026-03-28 08:00:00,4.2,15.8,4
2026-03-28 09:00:00,5.4,20.8,36
2026-03-28 10:00:00,6.6,22.9,30
2026-03-28 11:00:00,7.3,22.8,24
2026-03-28 12:00:00,7.8,23.8,59
2026-03-28 13:00:00,7.3,24.2,52
2026-03-28 14:00:00,7.3,25.7,29
2026-03-28 15:00:00,7.3,26.6,28
2026-03-28 16:00:00,7.2,24.3,13
2026-03-28 17:00:00,6.8,21.0,15
2026-03-28 18:00:00,5.9,17.3,8
2026-03-28 19:00:00,5.2,14.6,9
2026-03-28 20:00:00,4.8,12.6,41
2026-03-28 21:00:00,4.4,11.4,16
2026-03-28 22:00:00,4.0,11.5,53
2026-03-28 23:00:00,3.8,11.3,39
2026-03-29 00:00:00,3.2,11.9,55
2026-03-29 01:00:00,3.0,11.5,55
2026-03-29 02:00:00,2.8,10.9,56
2026-03-29 03:00:00,2.7,11.3,73
2026-03-29 04:00:00,3.0,10.7,100
2026-03-29 05:00:00,3.4,10.7,100
2026-03-29 06:00:00,3.4,12.3,100
2026-03-29 07:00:00,3.6,13.6,100
2026-03-29 08:00:00,4.7,14.1,100
2026-03-29 09:00:00,5.8,15.7,100
2026-03-29 10:00:00,6.4,17.4,100
2026-03-29 11:00:00,7.6,24.8,100
2026-03-29 12:00:00,7.3,20.8,100
2026-03-29 13:00:00,8.0,21.9,100
2026-03-29 14:00:00,8.2,27.6,100
2026-03-29 15:00:00,8.5,28.9,100
2026-03-29 16:00:00,9.1,23.6,100
2026-03-29 17:00:00,9.4,27.4,100
2026-03-29 18:00:00,9.7,25.7,80
2026-03-29 19:00:00,9.6,25.6,52
2026-03-29 20:00:00,9.6,27.0,48
2026-03-29 21:00:00,9.4,24.7,9
2026-03-29 22:00:00,8.9,20.4,23
2026-03-29 23:00:00,8.3,18.9,30
2026-03-30 00:00:00,7.9,21.0,6
2026-03-30 01:00:00,7.2,20.3,23
2026-03-30 02:00:00,6.7,19.4,18
2026-03-30 03:00:00,6.3,18.7,23
2026-03-30 04:00:00,6.2,16.9,36
2026-03-30 05:00:00,6.1,15.2,41
2026-03-30 06:00:00,6.1,15.1,63
2026-03-30 07:00:00,6.7,15.6,97
2026-03-30 08:00:00,7.3,11.9,65
2026-03-30 09:00:00,8.1,22.4,65
2026-03-30 10:00:00,8.6,26.2,95
2026-03-30 11:00:00,8.6,26.7,87
2026-03-30 12:00:00,9.3,26.7,87
2026-03-30 13:00:00,9.6,24.3,76
2026-03-30 14:00:00,9.6,22.9,93
2026-03-30 15:00:00,9.8,25.0,88
2026-03-30 16:00:00,9.6,22.9,23
2026-03-30 17:00:00,9.4,20.6,44
2026-03-30 18:00:00,8.9,16.8,19
2026-03-30 19:00:00,7.9,13.5,3
2026-03-30 20:00:00,7.6,15.2,93
2026-03-30 21:00:00,7.8,13.2,63
2026-03-30 22:00:00,7.3,11.2,34
2026-03-30 23:00:00,7.0,10.0,47
2026-03-31 00:00:00,7.2,9.6,88
2026-03-31 01:00:00,7.7,10.4,80
2026-03-31 02:00:00,8.0,11.0,90
2026-03-31 03:00:00,8.1,11.9,100
2026-03-31 04:00:00,8.6,13.6,100
2026-03-31 05:00:00,8.9,13.6,100
2026-03-31 06:00:00,9.1,13.9,100
2026-03-31 07:00:00,9.9,14.9,100
2026-03-31 08:00:00,10.9,12.7,100
2026-03-31 09:00:00,11.9,16.9,92
2026-03-31 10:00:00,12.8,14.9,100
2026-03-31 11:00:00,13.6,12.1,77
2026-03-31 12:00:00,14.7,11.7,28
2026-03-31 13:00:00,15.0,13.8,61
2026-03-31 14:00:00,15.4,12.2,41
2026-03-31 15:00:00,16.0,14.8,45
2026-03-31 16:00:00,15.9,14.4,34
2026-03-31 17:00:00,15.0,12.9,33
2026-03-31 18:00:00,14.1,12.2,35
2026-03-31 19:00:00,11.9,10.4,62
2026-03-31 20:00:00,10.8,7.7,4
2026-03-31 21:00:00,9.6,6.3,27
2026-03-31 22:00:00,8.9,4.8,30
2026-03-31 23:00:00,8.7,5.4,3
2026-04-01 00:00:00,9.0,7.0,2
2026-04-01 01:00:00,9.0,7.1,19
2026-04-01 02:00:00,8.2,6.1,2
2026-04-01 03:00:00,7.7,6.2,27
2026-04-01 04:00:00,7.9,6.5,82
2026-04-01 05:00:00,8.0,4.6,100
2026-04-01 06:00:00,8.2,5.7,99
2026-04-01 07:00:00,9.3,6.5,88
2026-04-01 08:00:00,10.0,5.8,66
2026-04-01 09:00:00,10.2,7.8,100
2026-04-01 10:00:00,11.0,10.2,100
2026-04-01 11:00:00,11.8,9.2,94
2026-04-01 12:00:00,11.9,9.8,96
2026-04-01 13:00:00,12.2,11.2,100
2026-04-01 14:00:00,12.1,12.2,100
2026-04-01 15:00:00,12.3,13.3,98
2026-04-01 16:00:00,12.1,15.2,98
2026-04-01 17:00:00,11.8,12.8,68
2026-04-01 18:00:00,11.2,8.5,55
2026-04-01 19:00:00,10.1,7.9,100
2026-04-01 20:00:00,10.4,8.8,100
2026-04-01 21:00:00,10.1,10.3,100
2026-04-01 22:00:00,9.2,17.9,100
2026-04-01 23:00:00,7.8,14.5,57
2026-04-02 00:00:00,6.3,14.5,0
2026-04-02 01:00:00,5.5,14.8,1
2026-04-02 02:00:00,5.1,15.1,2
2026-04-02 03:00:00,4.8,13.8,23
2026-04-02 04:00:00,4.6,12.0,68
2026-04-02 05:00:00,4.0,10.6,17
2026-04-02 06:00:00,4.2,8.6,100
2026-04-02 07:00:00,5.2,9.4,100
2026-04-02 08:00:00,5.8,8.7,94
2026-04-02 09:00:00,6.8,7.3,47
2026-04-02 10:00:00,8.1,6.4,49
2026-04-02 11:00:00,9.0,3.5,45
2026-04-02 12:00:00,9.6,1.0,48
2026-04-02 13:00:00,11.2,5.5,34
2026-04-02 14:00:00,11.6,9.7,64
2026-04-02 15:00:00,11.1,11.6,54
2026-04-02 16:00:00,10.6,11.9,99
2026-04-02 17:00:00,10.3,12.9,100
2026-04-02 18:00:00,9.6,10.3,100
2026-04-02 19:00:00,9.5,15.2,100
2026-04-02 20:00:00,8.7,15.6,100
2026-04-02 21:00:00,8.1,13.6,100
2026-04-02 22:00:00,7.4,13.9,100
2026-04-02 23:00:00,6.6,13.0,100
2026-04-03 00:00:00,6.4,16.3,100
2026-04-03 01:00:00,6.8,19.8,100
2026-04-03 02:00:00,6.8,20.2,100
2026-04-03 03:00:00,7.2,21.3,100
2026-04-03 04:00:00,7.5,21.3,100
2026-04-03 05:00:00,7.9,21.0,100
2026-04-03 06:00:00,8.4,20.3,100
2026-04-03 07:00:00,9.1,19.9,100
2026-04-03 08:00:00,10.0,20.1,100
2026-04-03 09:00:00,11.2,27.4,100
2026-04-03 10:00:00,12.1,26.6,100
2026-04-03 11:00:00,13.1,32.5,100
2026-04-03 12:00:00,14.2,32.0,72
2026-04-03 13:00:00,14.8,32.7,98
2026-04-03 14:00:00,14.1,27.6,100
2026-04-03 15:00:00,14.1,27.9,100
2026-04-03 16:00:00,13.7,26.6,100
2026-04-03 17:00:00,12.7,20.9,100
2026-04-03 18:00:00,12.9,19.4,100
2026-04-03 19:00:00,11.6,19.8,91
2026-04-03 20:00:00,10.6,17.6,36
2026-04-03 21:00:00,9.7,13.4,100
2026-04-03 22:00:00,9.4,11.2,100
2026-04-03 23:00:00,9.2,11.3,100
2026-04-04 00:00:00,7.8,12.0,13
2026-04-04 01:00:00,7.1,11.3,41
2026-04-04 02:00:00,6.4,10.6,61
2026-04-04 03:00:00,6.2,10.9,98
2026-04-04 04:00:00,6.2,10.4,100
2026-04-04 05:00:00,6.4,8.8,100
2026-04-04 06:00:00,6.6,8.8,100
2026-04-04 07:00:00,7.1,12.6,100
2026-04-04 08:00:00,8.4,17.5,100
2026-04-04 09:00:00,8.9,18.6,100
2026-04-04 10:00:00,9.7,20.9,100
2026-04-04 11:00:00,12.0,21.3,99
2026-04-04 12:00:00,13.5,25.9,85
2026-04-04 13:00:00,14.6,31.2,66
2026-04-04 14:00:00,13.9,31.1,97
2026-04-04 15:00:00,13.4,32.6,100
2026-04-04 16:00:00,12.2,32.8,77
2026-04-04 17:00:00,11.9,31.2,100
2026-04-04 18:00:00,11.6,30.3,100
2026-04-04 19:00:00,11.1,31.5,100
2026-04-04 20:00:00,10.6,32.2,100
2026-04-04 21:00:00,10.8,36.8,100
2026-04-04 22:00:00,10.5,37.8,88
2026-04-04 23:00:00,9.2,25.2,100
2026-04-05 00:00:00,8.7,29.1,76
2026-04-05 01:00:00,7.9,23.6,55
2026-04-05 02:00:00,6.2,20.5,38
2026-04-05 03:00:00,5.6,19.5,50
2026-04-05 04:00:00,5.4,18.3,43
2026-04-05 05:00:00,5.2,18.9,95
2026-04-05 06:00:00,5.8,17.5,100
2026-04-05 07:00:00,6.1,14.3,65
2026-04-05 08:00:00,6.9,21.6,59
2026-04-05 09:00:00,7.9,20.2,27
2026-04-05 10:00:00,8.9,23.3,76
2026-04-05 11:00:00,9.1,24.1,41
2026-04-05 12:00:00,9.7,23.1,31
2026-04-05 13:00:00,10.2,22.9,52
2026-04-05 14:00:00,10.1,22.8,99
2026-04-05 15:00:00,10.1,22.5,38
2026-04-05 16:00:00,10.1,23.6,74
2026-04-05 17:00:00,9.6,21.4,54
2026-04-05 18:00:00,8.8,17.5,9
2026-04-05 19:00:00,7.8,12.2,9
2026-04-05 20:00:00,7.2,10.4,1
2026-04-05 21:00:00,6.7,9.1,13
2026-04-05 22:00:00,6.0,8.4,85
2026-04-05 23:00:00,5.5,8.0,39
2026-04-06 00:00:00,4.4,9.2,38
2026-04-06 01:00:00,3.6,9.3,91
2026-04-06 02:00:00,3.3,8.7,47
2026-04-06 03:00:00,2.9,8.5,88
2026-04-06 04:00:00,2.8,8.6,100
2026-04-06 05:00:00,2.8,8.5,100
2026-04-06 06:00:00,2.8,9.1,100
2026-04-06 07:00:00,3.7,8.5,100
2026-04-06 08:00:00,5.3,7.1,100
2026-04-06 09:00:00,6.9,8.6,100
2026-04-06 10:00:00,9.1,11.6,52
2026-04-06 11:00:00,10.6,14.3,93
2026-04-06 12:00:00,12.2,14.7,27
2026-04-06 13:00:00,13.1,14.3,23
2026-04-06 14:00:00,13.6,14.7,88
2026-04-06 15:00:00,14.0,14.6,51
2026-04-06 16:00:00,13.9,14.2,8
2026-04-06 17:00:00,13.6,14.2,1
2026-04-06 18:00:00,13.4,12.9,0
2026-04-06 19:00:00,11.9,11.1,13
2026-04-06 20:00:00,10.7,11.0,14
2026-04-06 21:00:00,9.6,11.4,45
2026-04-06 22:00:00,8.7,11.7,66
2026-04-06 23:00:00,7.9,12.2,2
2026-04-07 00:00:00,7.2,12.6,0
2026-04-07 01:00:00,6.3,12.3,0
2026-04-07 02:00:00,5.8,12.0,0
2026-04-07 03:00:00,5.4,11.7,0
2026-04-07 04:00:00,5.2,11.8,0
2026-04-07 05:00:00,5.1,11.8,0
2026-04-07 06:00:00,5.2,12.5,0
2026-04-07 07:00:00,6.6,12.2,0
2026-04-07 08:00:00,8.9,11.0,0
2026-04-07 09:00:00,11.4,11.5,0
2026-04-07 10:00:00,13.6,13.8,18
2026-04-07 11:00:00,15.6,15.6,25
2026-04-07 12:00:00,17.9,15.8,18
2026-04-07 13:00:00,18.8,16.1,46
2026-04-07 14:00:00,19.2,16.6,10
2026-04-07 15:00:00,19.3,17.4,51
2026-04-07 16:00:00,18.8,18.0,95
2026-04-07 17:00:00,17.6,18.7,70
2026-04-07 18:00:00,16.9,16.2,26
2026-04-07 19:00:00,15.1,15.2,94
2026-04-07 20:00:00,13.9,14.3,88
2026-04-07 21:00:00,13.0,13.8,93
2026-04-07 22:00:00,12.2,12.4,98
2026-04-07 23:00:00,11.9,10.5,98
2026-04-08 00:00:00,11.1,7.8,70
2026-04-08 01:00:00,10.6,4.7,36
2026-04-08 02:00:00,9.9,5.4,34
2026-04-08 03:00:00,9.3,5.5,20
2026-04-08 04:00:00,8.6,4.5,9
2026-04-08 05:00:00,8.1,6.0,2
2026-04-08 06:00:00,8.2,6.2,2
2026-04-08 07:00:00,9.7,5.2,0
2026-04-08 08:00:00,12.3,3.3,0
2026-04-08 09:00:00,15.2,3.5,13
2026-04-08 10:00:00,17.5,2.3,0
2026-04-08 11:00:00,19.2,2.4,3
2026-04-08 12:00:00,21.0,3.5,14
2026-04-08 13:00:00,22.5,3.4,25
2026-04-08 14:00:00,23.2,3.1,0
2026-04-08 15:00:00,23.5,4.1,0
2026-04-08 16:00:00,23.1,7.0,1
2026-04-08 17:00:00,22.2,7.9,4
2026-04-08 18:00:00,21.6,9.3,6
2026-04-08 19:00:00,20.3,8.4,0
2026-04-08 20:00:00,19.5,8.7,1
2026-04-08 21:00:00,18.2,8.4,0
2026-04-08 22:00:00,17.2,7.1,0
2026-04-08 23:00:00,16.1,8.3,0
2026-04-09 00:00:00,15.0,9.4,26
2026-04-09 01:00:00,14.2,8.1,5
2026-04-09 02:00:00,13.8,8.6,44
2026-04-09 03:00:00,13.4,6.2,100
2026-04-09 04:00:00,13.1,7.4,99
2026-04-09 05:00:00,12.3,9.7,100
2026-04-09 06:00:00,12.0,10.6,85
2026-04-09 07:00:00,12.4,9.8,91
2026-04-09 08:00:00,13.8,10.6,100
2026-04-09 09:00:00,14.4,13.6,100
2026-04-09 10:00:00,14.4,15.2,100
2026-04-09 11:00:00,14.4,14.5,100
2026-04-09 12:00:00,14.6,17.0,100
2026-04-09 13:00:00,13.6,18.3,100
2026-04-09 14:00:00,13.2,23.7,100
2026-04-09 15:00:00,11.8,22.5,96
2026-04-09 16:00:00,11.5,22.0,19
2026-04-09 17:00:00,10.3,22.8,20
2026-04-09 18:00:00,9.1,20.6,18
2026-04-09 19:00:00,7.7,17.2,2
2026-04-09 20:00:00,6.8,15.8,0
2026-04-09 21:00:00,6.2,13.8,1
2026-04-09 22:00:00,5.7,12.9,9
2026-04-09 23:00:00,5.2,14.3,18
2026-04-10 00:00:00,4.8,14.8,79
2026-04-10 01:00:00,4.5,15.0,99
2026-04-10 02:00:00,4.2,13.9,100
2026-04-10 03:00:00,4.2,12.2,100
2026-04-10 04:00:00,4.1,10.5,100
2026-04-10 05:00:00,3.9,8.2,100
2026-04-10 06:00:00,4.0,6.1,100
2026-04-10 07:00:00,4.6,3.5,100
2026-04-10 08:00:00,5.7,4.3,100
2026-04-10 09:00:00,6.8,6.5,100
2026-04-10 10:00:00,8.2,8.2,100
2026-04-10 11:00:00,8.9,11.0,100
2026-04-10 12:00:00,9.9,12.6,100
2026-04-10 13:00:00,10.6,13.8,100
2026-04-10 14:00:00,11.1,16.5,100
2026-04-10 15:00:00,10.8,19.4,100
2026-04-10 16:00:00,10.4,19.0,100
2026-04-10 17:00:00,10.1,17.7,100
2026-04-10 18:00:00,9.6,15.8,100
2026-04-10 19:00:00,9.1,14.6,100
2026-04-10 20:00:00,8.6,14.7,100
2026-04-10 21:00:00,7.8,16.9,100
2026-04-10 22:00:00,7.2,18.1,100
2026-04-10 23:00:00,6.8,22.0,100
2026-04-11 00:00:00,7.5,20.7,100
2026-04-11 01:00:00,7.2,21.4,98
2026-04-11 02:00:00,7.7,22.3,100
2026-04-11 03:00:00,8.1,22.3,100
2026-04-11 04:00:00,8.7,22.0,100
2026-04-11 05:00:00,8.8,20.0,100
2026-04-11 06:00:00,8.0,18.0,100
2026-04-11 07:00:00,6.7,20.0,100
2026-04-11 08:00:00,6.1,15.3,100
2026-04-11 09:00:00,6.2,15.6,100
2026-04-11 10:00:00,7.3,17.5,26
2026-04-11 11:00:00,9.1,21.1,14
2026-04-11 12:00:00,10.6,24.5,23
2026-04-11 13:00:00,10.2,26.5,59
2026-04-11 14:00:00,9.9,28.3,71
2026-04-11 15:00:00,8.9,28.9,66
2026-04-11 16:00:00,9.1,28.0,37
2026-04-11 17:00:00,8.9,25.3,59
2026-04-11 18:00:00,8.6,23.9,40
2026-04-11 19:00:00,7.8,23.9,23
2026-04-11 20:00:00,7.6,26.7,83
2026-04-11 21:00:00,7.2,29.1,99
2026-04-11 22:00:00,6.8,29.4,100
2026-04-11 23:00:00,6.3,30.9,100
2026-04-12 00:00:00,7.1,29.3,100
2026-04-12 01:00:00,7.4,29.8,79
2026-04-12 02:00:00,6.9,29.8,100
2026-04-12 03:00:00,6.7,27.6,99
2026-04-12 04:00:00,6.7,25.1,100
2026-04-12 05:00:00,6.3,24.1,89
2026-04-12 06:00:00,6.8,24.0,23
2026-04-12 07:00:00,7.3,18.5,41
2026-04-12 08:00:00,8.2,26.8,100
2026-04-12 09:00:00,9.1,22.0,63
2026-04-12 10:00:00,10.4,20.4,80
2026-04-12 11:00:00,11.8,20.6,100
2026-04-12 12:00:00,11.8,20.9,99
2026-04-12 13:00:00,9.9,14.3,43
2026-04-12 14:00:00,11.9,15.0,95
2026-04-12 15:00:00,8.1,15.6,59
2026-04-12 16:00:00,10.4,13.1,27
2026-04-12 17:00:00,10.6,14.7,30
2026-04-12 18:00:00,9.9,14.4,27
2026-04-12 19:00:00,8.4,9.7,10
2026-04-12 20:00:00,7.5,9.6,4
2026-04-12 21:00:00,6.6,9.3,0
2026-04-12 22:00:00,5.8,9.4,1
2026-04-12 23:00:00,5.2,9.0,0
2026-04-13 00:00:00,4.8,8.6,0
2026-04-13 01:00:00,4.2,8.4,4
2026-04-13 02:00:00,3.8,8.5,23
2026-04-13 03:00:00,3.3,8.1,13
2026-04-13 04:00:00,3.2,7.3,0
2026-04-13 05:00:00,2.8,5.7,0
2026-04-13 06:00:00,2.8,5.9,0
2026-04-13 07:00:00,4.0,6.1,0
2026-04-13 08:00:00,6.2,4.5,2
2026-04-13 09:00:00,8.4,5.5,13
2026-04-13 10:00:00,9.8,7.0,26
2026-04-13 11:00:00,10.6,7.3,23
2026-04-13 12:00:00,11.5,6.9,20
2026-04-13 13:00:00,12.3,8.6,8
2026-04-13 14:00:00,12.5,9.6,16
2026-04-13 15:00:00,12.6,9.2,18
2026-04-13 16:00:00,11.9,12.6,83
2026-04-13 17:00:00,9.8,9.5,13
2026-04-13 18:00:00,10.6,7.9,11
2026-04-13 19:00:00,9.2,7.4,1
2026-04-13 20:00:00,8.4,6.2,0
2026-04-13 21:00:00,7.8,5.6,0
2026-04-13 22:00:00,7.2,6.7,0
2026-04-13 23:00:00,6.4,7.9,3
2026-04-14 00:00:00,5.7,8.8,0
2026-04-14 01:00:00,5.1,8.8,0
2026-04-14 02:00:00,4.6,8.8,0
2026-04-14 03:00:00,4.1,8.8,0
2026-04-14 04:00:00,3.7,8.8,0
2026-04-14 05:00:00,3.2,8.9,16
2026-04-14 06:00:00,4.0,10.7,6
2026-04-14 07:00:00,5.5,11.4,80
2026-04-14 08:00:00,7.3,10.8,100
2026-04-14 09:00:00,8.8,11.9,100
2026-04-14 10:00:00,10.9,16.0,100
2026-04-14 11:00:00,11.6,17.6,100
2026-04-14 12:00:00,13.5,23.1,100
2026-04-14 13:00:00,13.6,24.6,100
2026-04-14 14:00:00,13.1,22.6,100
2026-04-14 15:00:00,13.3,22.9,100
2026-04-14 16:00:00,12.4,20.2,100
2026-04-14 17:00:00,11.9,18.1,100
2026-04-14 18:00:00,11.6,16.0,100
2026-04-14 19:00:00,11.4,16.5,100
2026-04-14 20:00:00,11.2,17.5,100
2026-04-14 21:00:00,11.1,18.0,100
2026-04-14 22:00:00,10.9,17.7,100
2026-04-14 23:00:00,10.8,17.0,100
2026-04-15 00:00:00,11.1,19.1,100
2026-04-15 01:00:00,11.4,17.5,100
2026-04-15 02:00:00,11.5,17.7,100
2026-04-15 03:00:00,11.5,17.6,100
2026-04-15 04:00:00,11.4,15.8,100
2026-04-15 05:00:00,11.4,15.5,100
2026-04-15 06:00:00,11.4,14.0,100
2026-04-15 07:00:00,11.9,17.8,100
2026-04-15 08:00:00,12.5,21.8,100
2026-04-15 09:00:00,13.1,20.4,100
2026-04-15 10:00:00,14.4,23.7,100
2026-04-15 11:00:00,15.7,26.7,31
2026-04-15 12:00:00,15.9,26.3,22
2026-04-15 13:00:00,16.0,28.6,100
2026-04-15 14:00:00,13.2,24.1,100
2026-04-15 15:00:00,11.9,24.0,100
2026-04-15 16:00:00,12.4,26.1,100
2026-04-15 17:00:00,11.6,23.9,25
2026-04-15 18:00:00,11.4,21.4,34
2026-04-15 19:00:00,10.6,19.4,3
2026-04-15 20:00:00,9.8,17.6,2
2026-04-15 21:00:00,9.4,18.9,10
2026-04-15 22:00:00,9.3,20.1,19
2026-04-15 23:00:00,9.0,18.9,77
2026-04-16 00:00:00,9.2,21.1,96
2026-04-16 01:00:00,9.1,21.5,100
2026-04-16 02:00:00,9.4,20.7,100
2026-04-16 03:00:00,9.7,19.2,97
2026-04-16 04:00:00,9.6,18.1,100
2026-04-16 05:00:00,9.5,16.4,47
2026-04-16 06:00:00,9.2,15.3,15
2026-04-16 07:00:00,10.1,13.9,5
2026-04-16 08:00:00,11.1,17.2,15
2026-04-16 09:00:00,12.1,16.5,27
2026-04-16 10:00:00,13.2,17.1,100
2026-04-16 11:00:00,13.8,17.5,100
2026-04-16 12:00:00,14.6,18.3,100
2026-04-16 13:00:00,14.4,17.5,100
2026-04-16 14:00:00,14.6,16.7,100
2026-04-16 15:00:00,14.5,17.5,100
2026-04-16 16:00:00,14.6,16.2,100
2026-04-16 17:00:00,14.2,15.5,100
2026-04-16 18:00:00,13.9,10.3,100
2026-04-16 19:00:00,12.4,11.4,100
2026-04-16 20:00:00,11.9,11.7,100
2026-04-16 21:00:00,11.6,12.9,100
2026-04-16 22:00:00,11.0,12.5,55
2026-04-16 23:00:00,10.1,13.1,83
2026-04-17 00:00:00,9.9,12.5,100
2026-04-17 01:00:00,9.4,13.7,100
2026-04-17 02:00:00,9.1,13.0,100
2026-04-17 03:00:00,9.1,13.6,100
2026-04-17 04:00:00,8.9,14.0,100
2026-04-17 05:00:00,8.9,14.6,100
2026-04-17 06:00:00,9.6,14.1,100
2026-04-17 07:00:00,10.5,13.1,100
2026-04-17 08:00:00,11.9,23.8,100
2026-04-17 09:00:00,13.2,23.4,100
2026-04-17 10:00:00,13.9,24.7,100
2026-04-17 11:00:00,14.7,26.3,100
2026-04-17 12:00:00,14.7,26.2,100
2026-04-17 13:00:00,14.7,26.1,100
2026-04-17 14:00:00,13.8,22.6,100
2026-04-17 15:00:00,12.6,20.0,100
2026-04-17 16:00:00,12.5,14.9,100
2026-04-17 17:00:00,12.1,15.1,100
2026-04-17 18:00:00,11.8,14.1,23
2026-04-17 19:00:00,10.8,11.1,16
2026-04-17 20:00:00,9.5,11.1,80
2026-04-17 21:00:00,8.9,11.6,91
2026-04-17 22:00:00,8.6,11.7,79
2026-04-17 23:00:00,8.1,12.1,23
2026-04-18 00:00:00,7.7,12.9,49
2026-04-18 01:00:00,7.0,13.0,6
2026-04-18 02:00:00,6.5,12.7,14
2026-04-18 03:00:00,6.2,12.2,37
2026-04-18 04:00:00,6.1,12.1,52
2026-04-18 05:00:00,6.2,12.2,73
2026-04-18 06:00:00,7.1,12.3,30
2026-04-18 07:00:00,8.7,13.3,13
2026-04-18 08:00:00,10.1,14.5,25
2026-04-18 09:00:00,11.2,13.9,13
2026-04-18 10:00:00,12.4,14.0,17
2026-04-18 11:00:00,13.4,16.4,54
2026-04-18 12:00:00,13.9,15.6,50
2026-04-18 13:00:00,13.9,15.4,95
2026-04-18 14:00:00,13.2,14.7,73
2026-04-18 15:00:00,12.4,13.3,52
2026-04-18 16:00:00,13.1,13.1,93
2026-04-18 17:00:00,9.9,11.4,81
2026-04-18 18:00:00,10.9,13.5,16
2026-04-18 19:00:00,9.8,12.1,8
2026-04-18 20:00:00,8.8,11.8,0
2026-04-18 21:00:00,8.0,11.3,0
2026-04-18 22:00:00,7.4,11.3,0
2026-04-18 23:00:00,6.8,10.2,0
2026-04-19 00:00:00,6.3,10.6,0
2026-04-19 01:00:00,5.8,11.2,0
2026-04-19 02:00:00,5.4,11.0,0
2026-04-19 03:00:00,5.1,10.8,0
2026-04-19 04:00:00,4.7,10.2,0
2026-04-19 05:00:00,4.3,9.7,13
2026-04-19 06:00:00,4.4,9.5,0
2026-04-19 07:00:00,5.8,7.7,1
2026-04-19 08:00:00,7.7,8.9,0
2026-04-19 09:00:00,9.4,9.7,2
2026-04-19 10:00:00,10.9,12.2,38
2026-04-19 11:00:00,11.7,12.7,95
2026-04-19 12:00:00,12.2,12.0,94
2026-04-19 13:00:00,12.4,11.7,99
2026-04-19 14:00:00,12.2,11.8,100
2026-04-19 15:00:00,12.6,10.6,98
2026-04-19 16:00:00,12.2,12.0,99
2026-04-19 17:00:00,11.8,11.3,99
2026-04-19 18:00:00,11.7,9.8,95
2026-04-19 19:00:00,10.7,8.7,60
2026-04-19 20:00:00,9.6,9.1,26
2026-04-19 21:00:00,8.9,9.3,51
2026-04-19 22:00:00,8.1,8.4,48
2026-04-19 23:00:00,7.4,7.7,29
2026-04-20 00:00:00,6.2,4.7,3
2026-04-20 01:00:00,5.1,3.5,1
2026-04-20 02:00:00,4.5,1.6,0
2026-04-20 03:00:00,4.1,1.8,2
2026-04-20 04:00:00,3.5,2.2,3
2026-04-20 05:00:00,2.9,2.7,0
2026-04-20 06:00:00,3.7,3.7,0
2026-04-20 07:00:00,5.6,3.2,0
2026-04-20 08:00:00,8.2,3.1,0
2026-04-20 09:00:00,10.3,5.4,0
2026-04-20 10:00:00,11.6,6.7,0
2026-04-20 11:00:00,12.6,8.1,98
2026-04-20 12:00:00,12.8,8.8,98
2026-04-20 13:00:00,13.4,9.2,91
2026-04-20 14:00:00,13.2,8.7,92
2026-04-20 15:00:00,13.4,8.4,100
2026-04-20 16:00:00,13.1,9.6,96
2026-04-20 17:00:00,12.4,12.3,98
2026-04-20 18:00:00,10.8,14.5,23
2026-04-20 19:00:00,9.8,13.3,5
2026-04-20 20:00:00,8.9,12.4,1
2026-04-20 21:00:00,8.1,12.8,0
2026-04-20 22:00:00,6.9,11.5,0
2026-04-20 23:00:00,5.9,11.3,19
2026-04-21 00:00:00,5.2,12.0,28
2026-04-21 01:00:00,4.7,11.6,34
2026-04-21 02:00:00,4.3,11.2,27
2026-04-21 03:00:00,4.0,11.7,55
2026-04-21 04:00:00,4.0,12.0,100
2026-04-21 05:00:00,4.7,11.7,100
2026-04-21 06:00:00,5.8,13.4,100
2026-04-21 07:00:00,6.7,15.5,59
2026-04-21 08:00:00,8.0,17.4,38
2026-04-21 09:00:00,9.2,19.0,88
2026-04-21 10:00:00,10.1,22.5,96
2026-04-21 11:00:00,10.1,20.8,60
2026-04-21 12:00:00,12.0,22.1,70
2026-04-21 13:00:00,13.4,22.1,95
2026-04-21 14:00:00,13.8,22.3,53
2026-04-21 15:00:00,14.4,22.0,30
2026-04-21 16:00:00,12.9,24.5,80
2026-04-21 17:00:00,11.9,22.4,52
2026-04-21 18:00:00,10.9,20.8,3
2026-04-21 19:00:00,9.4,18.9,4
2026-04-21 20:00:00,8.2,19.3,2
2026-04-21 21:00:00,7.6,19.2,0
2026-04-21 22:00:00,7.0,17.2,0
2026-04-21 23:00:00,6.5,16.1,0
2026-04-22 00:00:00,5.6,15.1,0
2026-04-22 01:00:00,5.1,14.2,0
2026-04-22 02:00:00,4.7,13.9,6
2026-04-22 03:00:00,4.3,14.3,0
2026-04-22 04:00:00,4.0,14.8,0
2026-04-22 05:00:00,3.8,13.8,0
2026-04-22 06:00:00,4.4,13.1,11
2026-04-22 07:00:00,6.2,12.2,13
2026-04-22 08:00:00,8.2,13.7,3
2026-04-22 09:00:00,10.4,14.2,0
2026-04-22 10:00:00,12.4,19.9,2
2026-04-22 11:00:00,13.6,21.8,8
2026-04-22 12:00:00,14.9,21.3,20
2026-04-22 13:00:00,15.6,21.8,19
2026-04-22 14:00:00,16.1,21.0,11
2026-04-22 15:00:00,16.2,21.3,9
2026-04-22 16:00:00,15.6,21.5,5
2026-04-22 17:00:00,14.7,20.4,7
2026-04-22 18:00:00,13.4,19.0,39
2026-04-22 19:00:00,11.4,16.5,94
2026-04-22 20:00:00,9.9,15.7,100
2026-04-22 21:00:00,8.8,15.7,98
2026-04-22 22:00:00,7.9,15.5,100
2026-04-22 23:00:00,7.1,14.2,98
2026-04-23 00:00:00,5.8,13.6,5
2026-04-23 01:00:00,5.2,12.0,9
2026-04-23 02:00:00,4.7,10.9,6
2026-04-23 03:00:00,4.2,11.1,0
2026-04-23 04:00:00,3.8,12.0,0
2026-04-23 05:00:00,3.6,12.7,5
2026-04-23 06:00:00,4.2,12.5,84
2026-04-23 07:00:00,5.6,14.6,87
2026-04-23 08:00:00,7.6,13.7,13
2026-04-23 09:00:00,9.8,13.1,8
2026-04-23 10:00:00,11.9,13.5,0
2026-04-23 11:00:00,13.7,13.9,0
2026-04-23 12:00:00,15.0,13.6,0
2026-04-23 13:00:00,16.1,13.6,0
2026-04-23 14:00:00,16.9,13.9,0
2026-04-23 15:00:00,17.1,14.1,0
2026-04-23 16:00:00,16.9,14.2,0
2026-04-23 17:00:00,16.1,13.9,0
2026-04-23 18:00:00,15.2,13.1,0
2026-04-23 19:00:00,13.4,12.6,0
2026-04-23 20:00:00,11.4,12.6,0
2026-04-23 21:00:00,9.8,11.7,0
2026-04-23 22:00:00,8.2,10.8,0
2026-04-23 23:00:00,7.0,9.7,0
2026-04-24 00:00:00,5.5,9.6,0
2026-04-24 01:00:00,4.7,9.0,0
2026-04-24 02:00:00,4.1,9.2,0
2026-04-24 03:00:00,3.5,9.1,0
2026-04-24 04:00:00,2.8,8.9,0
2026-04-24 05:00:00,2.2,8.9,6
2026-04-24 06:00:00,2.3,8.3,16
2026-04-24 07:00:00,4.0,6.2,1
2026-04-24 08:00:00,6.2,6.0,9
2026-04-24 09:00:00,8.9,6.3,1
2026-04-24 10:00:00,11.6,7.0,0
2026-04-24 11:00:00,14.1,8.1,0
2026-04-24 12:00:00,16.2,8.5,0
2026-04-24 13:00:00,17.6,8.7,0
2026-04-24 14:00:00,18.5,8.9,0
2026-04-24 15:00:00,18.8,9.2,0
2026-04-24 16:00:00,18.6,9.2,0
2026-04-24 17:00:00,18.1,9.0,0
2026-04-24 18:00:00,17.4,8.5,0
2026-04-24 19:00:00,16.1,7.3,0
2026-04-24 20:00:00,14.8,7.3,0
2026-04-24 21:00:00,13.6,7.2,0
2026-04-24 22:00:00,12.6,5.3,1
2026-04-24 23:00:00,11.0,4.1,0
2026-04-25 00:00:00,9.5,4.6,0
2026-04-25 01:00:00,8.2,4.6,0
2026-04-25 02:00:00,7.4,4.8,0
2026-04-25 03:00:00,6.6,4.7,2
2026-04-25 04:00:00,6.0,4.5,76
2026-04-25 05:00:00,5.4,2.9,52
2026-04-25 06:00:00,6.8,2.8,100
2026-04-25 07:00:00,8.9,3.4,100
2026-04-25 08:00:00,12.1,1.5,100
2026-04-25 09:00:00,14.5,2.0,100
2026-04-25 10:00:00,16.2,2.7,100
2026-04-25 11:00:00,17.5,3.5,23
2026-04-25 12:00:00,18.9,4.4,0
2026-04-25 13:00:00,20.2,4.3,0
2026-04-25 14:00:00,20.9,3.8,0
2026-04-25 15:00:00,21.1,3.6,0
2026-04-25 16:00:00,21.1,3.1,0
2026-04-25 17:00:00,20.4,4.2,0
2026-04-25 18:00:00,19.8,6.5,0
2026-04-25 19:00:00,18.1,7.0,0
2026-04-25 20:00:00,16.6,3.2,0
2026-04-25 21:00:00,15.9,2.3,0
2026-04-25 22:00:00,12.2,12.6,0
2026-04-25 23:00:00,9.9,10.5,21
2026-04-26 00:00:00,8.3,9.9,88
2026-04-26 01:00:00,7.2,10.1,99
2026-04-26 02:00:00,6.6,9.8,100
2026-04-26 03:00:00,6.1,8.9,100
2026-04-26 04:00:00,5.8,8.7,100
2026-04-26 05:00:00,5.2,9.4,100
2026-04-26 06:00:00,5.6,9.4,96
2026-04-26 07:00:00,7.1,7.4,89
2026-04-26 08:00:00,9.3,6.9,98
2026-04-26 09:00:00,12.0,7.2,100
2026-04-26 10:00:00,14.5,7.7,100
2026-04-26 11:00:00,16.5,8.0,99
2026-04-26 12:00:00,17.5,8.3,100
2026-04-26 13:00:00,18.6,9.1,100
2026-04-26 14:00:00,19.0,9.3,100
2026-04-26 15:00:00,19.1,8.6,100
2026-04-26 16:00:00,18.8,8.4,100
2026-04-26 17:00:00,18.5,7.4,100
2026-04-26 18:00:00,17.5,7.5,100
2026-04-26 19:00:00,17.0,6.5,100
2026-04-26 20:00:00,16.5,5.1,100
2026-04-26 21:00:00,16.2,4.6,100
2026-04-26 22:00:00,15.9,3.1,100
2026-04-26 23:00:00,15.4,2.3,100
2026-04-27 00:00:00,14.9,4.4,100
2026-04-27 01:00:00,13.3,8.5,100
2026-04-27 02:00:00,12.4,6.3,13
2026-04-27 03:00:00,11.1,3.2,94
2026-04-27 04:00:00,10.4,2.6,58
2026-04-27 05:00:00,10.1,4.7,78
2026-04-27 06:00:00,10.8,7.8,95
2026-04-27 07:00:00,11.9,6.5,48
2026-04-27 08:00:00,13.7,7.0,1
2026-04-27 09:00:00,15.7,8.0,2
2026-04-27 10:00:00,17.0,10.1,12
2026-04-27 11:00:00,18.0,11.3,6
2026-04-27 12:00:00,18.6,12.5,3
2026-04-27 13:00:00,19.8,12.9,61
2026-04-27 14:00:00,19.2,14.3,100
2026-04-27 15:00:00,18.5,15.3,24
2026-04-27 16:00:00,18.0,14.4,9
2026-04-27 17:00:00,16.6,17.0,30
2026-04-27 18:00:00,14.1,19.5,95
2026-04-27 19:00:00,12.9,13.1,97
2026-04-27 20:00:00,12.6,14.0,23
2026-04-27 21:00:00,12.0,12.1,27
2026-04-27 22:00:00,11.5,12.5,1
2026-04-27 23:00:00,10.6,13.1,0
2026-04-28 00:00:00,9.6,13.8,0
2026-04-28 01:00:00,8.6,15.3,51
2026-04-28 02:00:00,7.8,15.5,100
2026-04-28 03:00:00,8.3,16.7,100
2026-04-28 04:00:00,8.6,19.4,100
2026-04-28 05:00:00,8.6,20.9,100
2026-04-28 06:00:00,8.5,20.4,100
2026-04-28 07:00:00,8.6,20.9,100
2026-04-28 08:00:00,8.8,20.2,100
2026-04-28 09:00:00,8.9,19.5,100
2026-04-28 10:00:00,9.9,21.8,100
2026-04-28 11:00:00,10.1,22.0,100
2026-04-28 12:00:00,9.2,22.1,100
2026-04-28 13:00:00,10.6,22.3,100
2026-04-28 14:00:00,11.8,22.0,100
2026-04-28 15:00:00,12.9,21.6,35
2026-04-28 16:00:00,13.6,19.2,2
2026-04-28 17:00:00,13.1,20.3,0
2026-04-28 18:00:00,12.0,20.6,0
2026-04-28 19:00:00,10.6,19.5,0
2026-04-28 20:00:00,9.6,18.7,0
2026-04-28 21:00:00,8.6,18.7,0
2026-04-28 22:00:00,7.8,19.0,0
2026-04-28 23:00:00,7.1,18.6,0
2026-04-29 00:00:00,6.0,17.6,0
2026-04-29 01:00:00,5.6,17.3,0
2026-04-29 02:00:00,5.3,16.9,0
2026-04-29 03:00:00,5.2,16.9,0
2026-04-29 04:00:00,5.2,17.4,0
2026-04-29 05:00:00,5.2,17.6,0
2026-04-29 06:00:00,6.1,13.1,0
2026-04-29 07:00:00,7.9,14.0,0
2026-04-29 08:00:00,10.4,16.2,0
2026-04-29 09:00:00,12.9,18.5,0
2026-04-29 10:00:00,14.8,22.7,0
2026-04-29 11:00:00,16.1,24.2,0
2026-04-29 12:00:00,17.2,24.0,0
2026-04-29 13:00:00,18.0,24.6,0
2026-04-29 14:00:00,18.2,25.4,0
2026-04-29 15:00:00,17.9,25.3,26
2026-04-29 16:00:00,16.9,25.2,100
2026-04-29 17:00:00,15.6,24.8,68
2026-04-29 18:00:00,14.3,23.8,92
2026-04-29 19:00:00,12.4,21.9,10
2026-04-29 20:00:00,11.1,19.4,0
2026-04-29 21:00:00,10.4,18.4,0
2026-04-29 22:00:00,9.8,17.3,0
2026-04-29 23:00:00,9.4,16.7,0
2026-04-30 00:00:00,8.1,17.0,0
2026-04-30 01:00:00,7.8,15.9,0
2026-04-30 02:00:00,7.6,15.7,0
2026-04-30 03:00:00,7.5,15.7,0
2026-04-30 04:00:00,7.4,15.4,0
2026-04-30 05:00:00,7.4,15.4,0
2026-04-30 06:00:00,8.1,14.8,0
2026-04-30 07:00:00,9.9,14.0,0
2026-04-30 08:00:00,12.1,16.0,0
2026-04-30 09:00:00,14.1,16.9,0
2026-04-30 10:00:00,16.2,16.9,0
2026-04-30 11:00:00,18.0,18.0,0
2026-04-30 12:00:00,19.7,18.4,0
2026-04-30 13:00:00,20.5,19.3,0
2026-04-30 14:00:00,21.0,20.2,0
2026-04-30 15:00:00,20.9,20.3,0
2026-04-30 16:00:00,20.5,19.8,0
2026-04-30 17:00:00,19.8,19.7,0
2026-04-30 18:00:00,19.1,18.1,0
2026-04-30 19:00:00,17.2,17.5,0
2026-04-30 20:00:00,15.4,16.0,0
2026-04-30 21:00:00,14.2,14.7,0
2026-04-30 22:00:00,13.4,12.6,0
2026-04-30 23:00:00,12.6,11.3,0
2026-05-01 00:00:00,11.3,11.8,0
2026-05-01 01:00:00,10.6,11.3,0
2026-05-01 02:00:00,10.4,11.4,0
2026-05-01 03:00:00,10.1,10.9,0
2026-05-01 04:00:00,9.9,10.5,0
2026-05-01 05:00:00,9.7,9.4,0
2026-05-01 06:00:00,10.9,9.0,0
2026-05-01 07:00:00,12.6,6.7,0
2026-05-01 08:00:00,14.8,8.0,0
2026-05-01 09:00:00,17.0,8.7,5
2026-05-01 10:00:00,19.0,9.1,3
2026-05-01 11:00:00,20.5,9.4,5
2026-05-01 12:00:00,22.0,9.8,9
2026-05-01 13:00:00,22.8,10.6,19
2026-05-01 14:00:00,23.1,12.6,73
2026-05-01 15:00:00,20.1,13.6,79
2026-05-01 16:00:00,18.7,9.8,91
2026-05-01 17:00:00,19.1,9.1,41
2026-05-01 18:00:00,18.5,11.9,69
2026-05-01 19:00:00,17.6,10.0,65
2026-05-01 20:00:00,17.0,7.7,97
2026-05-01 21:00:00,16.5,8.4,99
2026-05-01 22:00:00,15.3,10.1,100
2026-05-01 23:00:00,14.3,9.3,100
2026-05-02 00:00:00,12.6,8.0,98
2026-05-02 01:00:00,11.9,6.7,96
2026-05-02 02:00:00,11.1,5.1,83
2026-05-02 03:00:00,10.6,5.2,92
2026-05-02 04:00:00,9.9,5.1,92
2026-05-02 05:00:00,9.5,5.2,91
2026-05-02 06:00:00,9.1,5.8,97
2026-05-02 07:00:00,10.5,5.1,97
2026-05-02 08:00:00,12.3,4.6,98
2026-05-02 09:00:00,14.0,6.0,23
2026-05-02 10:00:00,15.3,7.4,24
2026-05-02 11:00:00,16.4,7.4,99
2026-05-02 12:00:00,17.2,8.5,100
2026-05-02 13:00:00,18.0,6.2,100
2026-05-02 14:00:00,18.6,6.7,100
2026-05-02 15:00:00,18.5,7.9,100
2026-05-02 16:00:00,17.5,4.9,100
2026-05-02 17:00:00,17.0,3.6,100
2026-05-02 18:00:00,14.3,3.9,100
2026-05-02 19:00:00,13.8,3.5,100
2026-05-02 20:00:00,13.3,7.0,100
2026-05-02 21:00:00,12.6,10.3,98
2026-05-02 22:00:00,12.2,8.5,100
2026-05-02 23:00:00,11.9,5.2,100
2026-05-03 00:00:00,11.6,8.0,100
2026-05-03 01:00:00,11.5,8.2,100
2026-05-03 02:00:00,11.2,8.9,100
2026-05-03 03:00:00,10.9,9.9,55
2026-05-03 04:00:00,10.4,8.7,94
2026-05-03 05:00:00,10.1,9.5,100
2026-05-03 06:00:00,10.7,11.4,100
2026-05-03 07:00:00,11.2,11.9,100
2026-05-03 08:00:00,12.0,13.5,100
2026-05-03 09:00:00,12.9,12.9,100
2026-05-03 10:00:00,13.6,11.3,100
2026-05-03 11:00:00,14.4,10.7,100
2026-05-03 12:00:00,13.6,12.7,100
2026-05-03 13:00:00,14.4,11.7,100
2026-05-03 14:00:00,14.5,11.0,100
2026-05-03 15:00:00,14.6,9.4,100
2026-05-03 16:00:00,14.7,7.1,100
2026-05-03 17:00:00,14.9,7.4,72
2026-05-03 18:00:00,13.8,9.4,78
2026-05-03 19:00:00,12.8,8.8,63
2026-05-03 20:00:00,11.9,8.7,43
2026-05-03 21:00:00,11.2,8.6,46
2026-05-03 22:00:00,10.4,8.5,22
2026-05-03 23:00:00,9.7,8.2,27
2026-05-04 00:00:00,10.6,8.8,59
2026-05-04 01:00:00,9.9,8.0,48
2026-05-04 02:00:00,9.4,6.1,25
2026-05-04 03:00:00,8.9,7.8,96
2026-05-04 04:00:00,8.7,9.0,100
2026-05-04 05:00:00,8.7,7.6,100
2026-05-04 06:00:00,9.2,11.0,100
2026-05-04 07:00:00,9.9,10.7,100
2026-05-04 08:00:00,10.9,9.8,100
2026-05-04 09:00:00,11.8,9.4,100
2026-05-04 10:00:00,12.1,8.3,100
2026-05-04 11:00:00,12.9,7.4,100
2026-05-04 12:00:00,12.1,7.0,100
2026-05-04 13:00:00,12.8,6.9,100
2026-05-04 14:00:00,13.2,6.0,100
2026-05-04 15:00:00,13.6,4.8,100
2026-05-04 16:00:00,13.7,5.4,100
2026-05-04 17:00:00,13.4,6.5,100
2026-05-04 18:00:00,12.6,8.9,99
2026-05-04 19:00:00,12.0,6.8,64
2026-05-04 20:00:00,11.1,3.1,27
2026-05-04 21:00:00,10.2,3.6,9
2026-05-04 22:00:00,10.0,3.0,81
2026-05-04 23:00:00,9.9,5.9,47
2026-05-05 00:00:00,9.2,9.3,53
2026-05-05 01:00:00,8.9,9.7,43
2026-05-05 02:00:00,7.8,9.7,2
2026-05-05 03:00:00,7.1,8.9,2
2026-05-05 04:00:00,6.6,9.7,4
2026-05-05 05:00:00,6.4,9.9,4
2026-05-05 06:00:00,7.2,8.2,0
2026-05-05 07:00:00,8.4,9.3,1
2026-05-05 08:00:00,10.0,10.7,2
2026-05-05 09:00:00,11.4,12.4,1
2026-05-05 10:00:00,12.4,13.1,55
2026-05-05 11:00:00,13.0,12.5,100
2026-05-05 12:00:00,13.1,11.9,100
2026-05-05 13:00:00,13.3,12.2,100
2026-05-05 14:00:00,13.2,11.1,100
2026-05-05 15:00:00,13.2,10.4,100
2026-05-05 16:00:00,12.9,10.3,100
2026-05-05 17:00:00,12.6,10.7,98
2026-05-05 18:00:00,12.4,10.6,100
2026-05-05 19:00:00,11.9,10.1,100
2026-05-05 20:00:00,11.2,10.8,100
2026-05-05 21:00:00,9.8,12.9,100
2026-05-05 22:00:00,8.8,14.0,100
2026-05-05 23:00:00,8.1,12.9,77
2026-05-06 00:00:00,7.7,12.4,95
2026-05-06 01:00:00,7.2,12.5,73
2026-05-06 02:00:00,6.8,11.9,100
2026-05-06 03:00:00,6.6,11.6,100
2026-05-06 04:00:00,6.2,10.9,84
2026-05-06 05:00:00,5.6,9.1,30
2026-05-06 06:00:00,6.0,10.6,84
2026-05-06 07:00:00,6.4,11.8,99
2026-05-06 08:00:00,7.4,12.6,89
2026-05-06 09:00:00,8.7,14.1,38
2026-05-06 10:00:00,10.3,15.0,41
2026-05-06 11:00:00,11.4,14.5,40
2026-05-06 12:00:00,11.6,13.9,85
2026-05-06 13:00:00,11.4,13.2,100
2026-05-06 14:00:00,11.4,11.4,100
2026-05-06 15:00:00,11.3,10.1,100
2026-05-06 16:00:00,11.0,8.9,93
2026-05-06 17:00:00,11.0,8.1,85
2026-05-06 18:00:00,10.4,10.3,99
2026-05-06 19:00:00,9.4,10.3,28
2026-05-06 20:00:00,8.1,10.0,0
2026-05-06 21:00:00,7.2,9.8,0
2026-05-06 22:00:00,6.3,7.0,5
2026-05-06 23:00:00,5.9,5.4,70
2026-05-07 00:00:00,5.9,6.3,98
2026-05-07 01:00:00,5.8,5.9,94
2026-05-07 02:00:00,5.4,5.9,47
2026-05-07 03:00:00,5.4,5.2,59
2026-05-07 04:00:00,5.2,5.0,98
2026-05-07 05:00:00,5.2,5.8,95
2026-05-07 06:00:00,5.8,7.2,97
2026-05-07 07:00:00,7.2,8.0,82
2026-05-07 08:00:00,8.8,6.2,46
2026-05-07 09:00:00,9.9,6.3,34
2026-05-07 10:00:00,11.4,6.5,36
2026-05-07 11:00:00,12.8,7.6,83
2026-05-07 12:00:00,14.4,7.4,63
2026-05-07 13:00:00,14.8,7.5,100
2026-05-07 14:00:00,14.7,8.6,100
2026-05-07 15:00:00,14.8,8.7,100
2026-05-07 16:00:00,14.4,9.7,100
2026-05-07 17:00:00,13.7,11.5,100
2026-05-07 18:00:00,13.1,9.5,34
2026-05-07 19:00:00,12.2,10.5,82
2026-05-07 20:00:00,11.3,8.1,100
2026-05-07 21:00:00,11.1,5.9,98
2026-05-07 22:00:00,10.7,7.2,100
2026-05-07 23:00:00,9.9,8.0,62
2026-05-08 00:00:00,9.8,8.4,49
2026-05-08 01:00:00,8.9,8.8,53
2026-05-08 02:00:00,8.7,8.0,95
2026-05-08 03:00:00,8.8,8.4,99
2026-05-08 04:00:00,8.8,7.7,100
2026-05-08 05:00:00,8.8,6.6,100
2026-05-08 06:00:00,9.5,6.2,78
2026-05-08 07:00:00,10.3,5.3,98
2026-05-08 08:00:00,11.1,5.6,96
2026-05-08 09:00:00,12.8,6.9,94
2026-05-08 10:00:00,13.9,10.5,45
2026-05-08 11:00:00,15.4,13.2,98
2026-05-08 12:00:00,16.2,12.9,78
2026-05-08 13:00:00,16.6,13.0,100
2026-05-08 14:00:00,16.7,13.9,99
2026-05-08 15:00:00,17.2,14.0,97
2026-05-08 16:00:00,16.3,14.7,100
2026-05-08 17:00:00,16.5,13.5,96
2026-05-08 18:00:00,15.8,11.5,98
2026-05-08 19:00:00,14.4,8.6,95
2026-05-08 20:00:00,13.3,4.7,95
2026-05-08 21:00:00,13.0,3.9,99
2026-05-08 22:00:00,12.6,3.6,96
2026-05-08 23:00:00,12.6,5.7,100
2026-05-09 00:00:00,11.9,6.7,100
2026-05-09 01:00:00,11.4,2.1,77
2026-05-09 02:00:00,10.6,2.4,63
2026-05-09 03:00:00,10.1,2.7,100
2026-05-09 04:00:00,9.9,6.3,99
2026-05-09 05:00:00,9.1,7.3,55
2026-05-09 06:00:00,10.3,6.2,38
2026-05-09 07:00:00,11.8,3.1,100
2026-05-09 08:00:00,13.6,2.7,100
2026-05-09 09:00:00,15.6,4.7,51
2026-05-09 10:00:00,17.2,6.6,99
2026-05-09 11:00:00,18.4,7.6,100
2026-05-09 12:00:00,19.1,8.8,96
2026-05-09 13:00:00,19.9,9.4,100
2026-05-09 14:00:00,20.0,8.8,100
2026-05-09 15:00:00,19.7,8.7,100
2026-05-09 16:00:00,19.5,8.6,100
2026-05-09 17:00:00,18.2,11.2,100
2026-05-09 18:00:00,17.1,16.3,100
2026-05-09 19:00:00,13.4,19.0,96
2026-05-09 20:00:00,12.6,16.6,100
2026-05-09 21:00:00,11.5,17.4,100
2026-05-09 22:00:00,10.4,16.2,100
2026-05-09 23:00:00,9.7,14.9,100
2026-05-10 00:00:00,9.5,16.7,100
2026-05-10 01:00:00,9.0,17.0,100
2026-05-10 02:00:00,8.6,17.3,100
2026-05-10 03:00:00,8.3,17.0,100
2026-05-10 04:00:00,8.1,16.6,100
2026-05-10 05:00:00,7.8,16.8,100
2026-05-10 06:00:00,7.3,17.6,100
2026-05-10 07:00:00,7.6,18.0,98
2026-05-10 08:00:00,8.2,18.6,99
2026-05-10 09:00:00,9.8,18.9,100
2026-05-10 10:00:00,11.4,17.6,48
2026-05-10 11:00:00,12.9,17.1,41
2026-05-10 12:00:00,12.9,17.2,62
2026-05-10 13:00:00,13.6,15.5,33
2026-05-10 14:00:00,14.2,15.2,36
2026-05-10 15:00:00,14.5,14.9,63
2026-05-10 16:00:00,14.1,14.5,87
2026-05-10 17:00:00,13.3,13.6,93
2026-05-10 18:00:00,12.6,12.7,48
2026-05-10 19:00:00,11.9,11.0,13
2026-05-10 20:00:00,11.1,10.2,23
2026-05-10 21:00:00,10.3,6.5,2
2026-05-10 22:00:00,9.7,3.5,96
2026-05-10 23:00:00,8.9,5.2,22
2026-05-11 00:00:00,7.8,7.7,0
2026-05-11 01:00:00,6.9,11.1,1
2026-05-11 02:00:00,6.6,13.0,0
2026-05-11 03:00:00,6.3,13.9,9
2026-05-11 04:00:00,6.3,14.3,20
2026-05-11 05:00:00,6.3,14.0,79
2026-05-11 06:00:00,7.4,13.7,98
2026-05-11 07:00:00,8.6,12.8,100
2026-05-11 08:00:00,8.6,13.0,100
2026-05-11 09:00:00,7.2,17.7,100
2026-05-11 10:00:00,6.8,10.2,95
2026-05-11 11:00:00,9.6,10.2,77
2026-05-11 12:00:00,9.9,12.5,82
2026-05-11 13:00:00,11.0,12.6,80
2026-05-11 14:00:00,11.6,12.8,99
2026-05-11 15:00:00,11.9,12.8,100
2026-05-11 16:00:00,11.9,11.7,84
2026-05-11 17:00:00,11.6,10.3,42
2026-05-11 18:00:00,10.9,8.8,38
2026-05-11 19:00:00,10.6,8.0,61
2026-05-11 20:00:00,9.9,3.2,41
2026-05-11 21:00:00,9.0,3.1,44
2026-05-11 22:00:00,8.1,10.8,9
2026-05-11 23:00:00,6.7,9.1,0
2026-05-12 00:00:00,5.6,6.6,0
2026-05-12 01:00:00,4.7,5.1,0
2026-05-12 02:00:00,4.2,6.0,3
2026-05-12 03:00:00,4.0,7.1,16
2026-05-12 04:00:00,3.8,8.0,47
2026-05-12 05:00:00,4.2,8.9,85
2026-05-12 06:00:00,5.6,9.6,52
2026-05-12 07:00:00,7.2,8.9,80
2026-05-12 08:00:00,8.6,10.8,14
2026-05-12 09:00:00,10.8,12.4,24
2026-05-12 10:00:00,12.8,18.0,100
2026-05-12 11:00:00,12.9,17.5,100
2026-05-12 12:00:00,12.4,19.2,100
2026-05-12 13:00:00,11.6,17.1,47
2026-05-12 14:00:00,13.2,21.0,100
2026-05-12 15:00:00,12.8,20.3,11
2026-05-12 16:00:00,13.8,22.8,93
2026-05-12 17:00:00,12.9,21.1,56
2026-05-12 18:00:00,12.4,19.4,23
2026-05-12 19:00:00,11.4,15.0,14
2026-05-12 20:00:00,10.8,11.2,7
2026-05-12 21:00:00,10.2,11.0,23
2026-05-12 22:00:00,9.6,10.4,9
2026-05-12 23:00:00,8.9,11.1,15
2026-05-13 00:00:00,9.2,13.4,33
2026-05-13 01:00:00,8.1,14.1,26
2026-05-13 02:00:00,7.8,14.9,17
2026-05-13 03:00:00,7.6,16.5,13
2026-05-13 04:00:00,7.1,17.2,12
2026-05-13 05:00:00,6.9,17.2,28
2026-05-13 06:00:00,7.7,15.5,20
2026-05-13 07:00:00,8.6,18.9,16
2026-05-13 08:00:00,9.6,19.9,34
2026-05-13 09:00:00,10.4,21.0,100
2026-05-13 10:00:00,10.4,20.7,98
2026-05-13 11:00:00,7.4,21.4,90
2026-05-13 12:00:00,10.4,24.9,55
2026-05-13 13:00:00,11.1,25.4,49
2026-05-13 14:00:00,10.2,26.6,72
2026-05-13 15:00:00,10.9,23.9,71
2026-05-13 16:00:00,11.1,25.2,42
2026-05-13 17:00:00,10.8,25.3,30
2026-05-13 18:00:00,9.9,22.4,39
2026-05-13 19:00:00,9.0,18.7,29
2026-05-13 20:00:00,8.4,15.3,19
2026-05-13 21:00:00,7.8,14.3,18
2026-05-13 22:00:00,7.2,15.1,20
2026-05-13 23:00:00,6.7,14.5,13
2026-05-14 00:00:00,6.5,12.6,54
2026-05-14 01:00:00,5.9,12.2,55
2026-05-14 02:00:00,5.4,10.7,38
2026-05-14 03:00:00,4.9,10.9,37
2026-05-14 04:00:00,4.6,11.1,38
2026-05-14 05:00:00,4.5,11.1,22
2026-05-14 06:00:00,5.7,9.5,25
2026-05-14 07:00:00,6.7,10.7,9
2026-05-14 08:00:00,8.0,10.2,27
2026-05-14 09:00:00,9.2,9.9,32
2026-05-14 10:00:00,10.1,12.1,51
2026-05-14 11:00:00,10.9,12.8,95
2026-05-14 12:00:00,11.5,14.3,35
2026-05-14 13:00:00,10.2,15.8,92
2026-05-14 14:00:00,11.5,11.7,66
2026-05-14 15:00:00,12.3,13.1,53
2026-05-14 16:00:00,11.9,14.7,53
2026-05-14 17:00:00,10.4,15.8,38
2026-05-14 18:00:00,10.4,17.8,39
2026-05-14 19:00:00,9.1,13.5,24
2026-05-14 20:00:00,8.1,12.3,16
2026-05-14 21:00:00,7.4,10.8,28
2026-05-14 22:00:00,6.8,10.2,51
2026-05-14 23:00:00,6.2,9.7,87
2026-05-15 00:00:00,5.6,9.6,71
2026-05-15 01:00:00,5.3,8.8,64
2026-05-15 02:00:00,5.0,9.3,79
2026-05-15 03:00:00,4.8,9.3,75
2026-05-15 04:00:00,4.7,10.0,74
2026-05-15 05:00:00,4.9,11.3,57
2026-05-15 06:00:00,5.7,9.0,86
2026-05-15 07:00:00,6.8,9.2,64
2026-05-15 08:00:00,8.4,10.1,20
2026-05-15 09:00:00,9.5,12.0,34
2026-05-15 10:00:00,10.4,14.3,23
2026-05-15 11:00:00,11.4,16.3,93
2026-05-15 12:00:00,12.0,15.4,48
2026-05-15 13:00:00,12.4,16.1,31
2026-05-15 14:00:00,12.6,17.0,37
2026-05-15 15:00:00,12.3,16.4,50
2026-05-15 16:00:00,11.9,16.5,29
2026-05-15 17:00:00,11.1,15.8,27
2026-05-15 18:00:00,10.8,14.6,15
2026-05-15 19:00:00,9.8,13.6,16
2026-05-15 20:00:00,8.9,10.9,9
2026-05-15 21:00:00,8.4,8.8,5
2026-05-15 22:00:00,7.7,9.0,6
2026-05-15 23:00:00,7.1,9.9,13
2026-05-16 00:00:00,6.6,9.3,53
2026-05-16 01:00:00,6.2,8.7,30
2026-05-16 02:00:00,5.8,9.1,43
2026-05-16 03:00:00,5.4,8.5,20
2026-05-16 04:00:00,4.9,8.6,35
2026-05-16 05:00:00,5.1,8.6,15
2026-05-16 06:00:00,6.7,6.9,27
2026-05-16 07:00:00,8.6,5.5,15
2026-05-16 08:00:00,9.9,5.1,95
2026-05-16 09:00:00,10.4,9.9,99
2026-05-16 10:00:00,9.4,9.7,100
2026-05-16 11:00:00,9.4,9.0,100
2026-05-16 12:00:00,10.9,9.5,100
2026-05-16 13:00:00,11.9,12.1,100
2026-05-16 14:00:00,12.1,13.1,100
2026-05-16 15:00:00,12.1,13.5,100
2026-05-16 16:00:00,11.6,12.5,100
2026-05-16 17:00:00,11.1,10.8,100
2026-05-16 18:00:00,11.3,10.1,100
2026-05-16 19:00:00,11.0,11.1,100
2026-05-16 20:00:00,10.4,11.7,100
2026-05-16 21:00:00,10.1,12.5,97
2026-05-16 22:00:00,9.8,12.2,100
2026-05-16 23:00:00,9.8,12.3,39
2026-05-17 00:00:00,8.9,12.2,28
2026-05-17 01:00:00,8.3,11.0,38
2026-05-17 02:00:00,7.8,11.1,34
2026-05-17 03:00:00,7.3,10.7,73
2026-05-17 04:00:00,7.0,11.2,18
2026-05-17 05:00:00,6.9,12.0,3
2026-05-17 06:00:00,8.4,9.8,55
2026-05-17 07:00:00,9.6,12.4,87
2026-05-17 08:00:00,10.4,12.8,96
2026-05-17 09:00:00,11.1,12.4,91
2026-05-17 10:00:00,12.1,12.9,77
2026-05-17 11:00:00,13.1,12.4,71
2026-05-17 12:00:00,13.9,13.5,100
2026-05-17 13:00:00,12.2,13.2,90
2026-05-17 14:00:00,12.8,14.7,82
2026-05-17 15:00:00,13.2,12.6,58
2026-05-17 16:00:00,12.8,15.1,96
2026-05-17 17:00:00,12.5,12.6,74
2026-05-17 18:00:00,11.1,13.4,52
2026-05-17 19:00:00,10.9,10.6,70
2026-05-17 20:00:00,9.9,9.9,45
2026-05-17 21:00:00,9.2,10.2,69
2026-05-17 22:00:00,8.4,9.4,25
2026-05-17 23:00:00,7.9,10.3,5
2026-05-18 00:00:00,7.2,11.8,66
2026-05-18 01:00:00,6.7,12.1,95
2026-05-18 02:00:00,6.5,12.0,96
2026-05-18 03:00:00,6.4,13.2,98
2026-05-18 04:00:00,6.2,12.5,98
2026-05-18 05:00:00,6.4,10.6,95
2026-05-18 06:00:00,7.7,11.7,78
2026-05-18 07:00:00,8.5,14.2,62
2026-05-18 08:00:00,9.6,13.3,70
2026-05-18 09:00:00,10.6,13.0,100
2026-05-18 10:00:00,10.3,12.5,100
2026-05-18 11:00:00,10.0,11.8,100
2026-05-18 12:00:00,10.8,15.9,73
2026-05-18 13:00:00,12.4,14.0,79
2026-05-18 14:00:00,12.1,16.2,96
2026-05-18 15:00:00,13.2,15.5,100
2026-05-18 16:00:00,11.4,16.6,98
2026-05-18 17:00:00,12.1,14.6,99
2026-05-18 18:00:00,11.7,16.9,98
2026-05-18 19:00:00,11.1,16.7,98
2026-05-18 20:00:00,10.4,14.4,100
2026-05-18 21:00:00,9.9,16.0,100
2026-05-18 22:00:00,9.6,15.9,100
2026-05-18 23:00:00,9.4,16.5,100
2026-05-19 00:00:00,9.6,19.7,100
2026-05-19 01:00:00,9.4,21.9,100
2026-05-19 02:00:00,9.4,22.3,100
2026-05-19 03:00:00,9.9,21.7,100
2026-05-19 04:00:00,10.1,21.2,100
2026-05-19 05:00:00,10.2,23.1,100
2026-05-19 06:00:00,10.6,20.6,100
2026-05-19 07:00:00,11.1,19.0,100
2026-05-19 08:00:00,11.7,18.4,100
2026-05-19 09:00:00,11.9,17.1,100
2026-05-19 10:00:00,13.6,17.4,42
2026-05-19 11:00:00,15.8,19.3,78
2026-05-19 12:00:00,14.7,22.8,83
2026-05-19 13:00:00,15.4,22.1,97
2026-05-19 14:00:00,15.1,19.4,59
2026-05-19 15:00:00,15.1,21.1,92
2026-05-19 16:00:00,14.6,17.8,40
2026-05-19 17:00:00,14.2,19.2,39
2026-05-19 18:00:00,14.1,20.1,77
2026-05-19 19:00:00,13.2,18.3,91
2026-05-19 20:00:00,12.5,19.5,89
2026-05-19 21:00:00,11.5,18.7,95
2026-05-19 22:00:00,11.2,21.5,100
2026-05-19 23:00:00,11.0,20.8,100
2026-05-20 00:00:00,10.8,20.4,66
2026-05-20 01:00:00,10.1,19.4,76
2026-05-20 02:00:00,10.1,18.9,100
2026-05-20 03:00:00,10.1,18.1,100
2026-05-20 04:00:00,9.9,17.3,95
2026-05-20 05:00:00,10.2,17.1,100
2026-05-20 06:00:00,11.1,17.3,13
2026-05-20 07:00:00,12.1,17.7,40
2026-05-20 08:00:00,12.9,18.4,89
2026-05-20 09:00:00,13.4,18.8,55
2026-05-20 10:00:00,14.9,21.2,80
2026-05-20 11:00:00,15.6,22.9,100
2026-05-20 12:00:00,15.9,22.3,23
2026-05-20 13:00:00,16.5,23.5,100
2026-05-20 14:00:00,16.1,20.7,98
2026-05-20 15:00:00,16.1,23.0,100
2026-05-20 16:00:00,16.0,22.6,100
2026-05-20 17:00:00,15.5,17.5,100
2026-05-20 18:00:00,15.3,18.7,66
2026-05-20 19:00:00,14.6,17.6,48
2026-05-20 20:00:00,13.6,16.5,14
2026-05-20 21:00:00,12.5,13.2,41
2026-05-20 22:00:00,11.7,12.3,31
2026-05-20 23:00:00,10.9,12.2,13
2026-05-21 00:00:00,10.6,13.2,18
2026-05-21 01:00:00,10.4,12.2,80
2026-05-21 02:00:00,10.9,13.0,96
2026-05-21 03:00:00,10.9,14.7,93
2026-05-21 04:00:00,10.9,15.5,100
2026-05-21 05:00:00,11.5,15.0,100
2026-05-21 06:00:00,12.5,15.9,100
2026-05-21 07:00:00,13.8,17.1,100
2026-05-21 08:00:00,14.5,18.3,100
2026-05-21 09:00:00,15.0,18.5,100
2026-05-21 10:00:00,15.6,17.2,100
2026-05-21 11:00:00,16.8,16.9,100
2026-05-21 12:00:00,18.2,18.3,100
2026-05-21 13:00:00,19.0,17.2,62
2026-05-21 14:00:00,20.0,15.9,50
2026-05-21 15:00:00,20.8,14.6,88
2026-05-21 16:00:00,20.5,12.7,88
2026-05-21 17:00:00,20.5,13.4,100
2026-05-21 18:00:00,20.5,7.7,77
2026-05-21 19:00:00,20.0,6.2,82
2026-05-21 20:00:00,18.5,10.5,95
2026-05-21 21:00:00,17.8,10.8,2
2026-05-21 22:00:00,16.9,13.1,2
2026-05-21 23:00:00,15.9,11.4,2
2026-05-22 00:00:00,14.8,10.7,13
2026-05-22 01:00:00,13.9,11.7,31
2026-05-22 02:00:00,13.1,11.2,13
2026-05-22 03:00:00,12.9,11.7,44
2026-05-22 04:00:00,12.8,12.3,48
2026-05-22 05:00:00,13.1,11.7,33
2026-05-22 06:00:00,14.6,10.1,53
2026-05-22 07:00:00,16.6,8.8,74
2026-05-22 08:00:00,18.6,10.2,60
2026-05-22 09:00:00,20.5,12.2,79
2026-05-22 10:00:00,22.1,13.7,90
2026-05-22 11:00:00,23.3,15.7,95
2026-05-22 12:00:00,25.0,17.6,84
2026-05-22 13:00:00,25.8,18.7,81
2026-05-22 14:00:00,26.1,19.0,89
2026-05-22 15:00:00,26.1,19.0,50
2026-05-22 16:00:00,26.0,18.8,74
2026-05-22 17:00:00,25.4,18.9,54
2026-05-22 18:00:00,25.1,18.0,80
2026-05-22 19:00:00,23.5,16.9,74
2026-05-22 20:00:00,22.1,13.5,43
2026-05-22 21:00:00,20.9,12.7,66
2026-05-22 22:00:00,19.9,12.1,98
2026-05-22 23:00:00,19.1,11.6,89
2026-05-23 00:00:00,19.0,8.7,91
2026-05-23 01:00:00,18.6,8.1,97
2026-05-23 02:00:00,18.0,9.8,34
2026-05-23 03:00:00,17.0,9.2,20
2026-05-23 04:00:00,15.6,8.2,0
2026-05-23 05:00:00,14.8,9.8,0
2026-05-23 06:00:00,14.9,7.6,1
2026-05-23 07:00:00,16.0,6.0,11
2026-05-23 08:00:00,17.6,6.2,13
2026-05-23 09:00:00,19.5,5.2,21
2026-05-23 10:00:00,22.1,6.5,65
2026-05-23 11:00:00,22.5,7.7,45
2026-05-23 12:00:00,23.5,9.5,65
2026-05-23 13:00:00,23.8,8.9,31
2026-05-23 14:00:00,24.7,8.3,41
2026-05-23 15:00:00,25.0,8.6,72
2026-05-23 16:00:00,25.0,8.7,85
2026-05-23 17:00:00,24.5,9.7,86
2026-05-23 18:00:00,23.9,9.1,97
2026-05-23 19:00:00,23.0,8.8,96
2026-05-23 20:00:00,22.4,6.0,95
2026-05-23 21:00:00,21.1,4.1,92
2026-05-23 22:00:00,19.8,6.4,87
2026-05-23 23:00:00,18.2,7.0,78
2026-05-24 00:00:00,16.5,8.0,33
2026-05-24 01:00:00,15.4,6.7,2
2026-05-24 02:00:00,14.7,5.7,5
2026-05-24 03:00:00,14.1,5.0,18
2026-05-24 04:00:00,13.4,5.2,35
2026-05-24 05:00:00,13.5,5.9,17
2026-05-24 06:00:00,14.9,4.6,15
2026-05-24 07:00:00,17.3,1.7,33
2026-05-24 08:00:00,19.5,1.2,59
2026-05-24 09:00:00,21.4,3.5,77
2026-05-24 10:00:00,23.1,4.8,91
2026-05-24 11:00:00,24.6,5.3,95
2026-05-24 12:00:00,26.4,6.8,61
2026-05-24 13:00:00,27.4,7.0,3
2026-05-24 14:00:00,28.1,7.1,0
2026-05-24 15:00:00,28.5,7.6,0
2026-05-24 16:00:00,28.5,8.1,0
2026-05-24 17:00:00,28.1,8.7,0
2026-05-24 18:00:00,27.5,9.4,0
2026-05-24 19:00:00,26.5,8.5,0
2026-05-24 20:00:00,25.6,6.2,0
2026-05-24 21:00:00,24.9,3.3,0
2026-05-24 22:00:00,24.3,2.2,0
2026-05-24 23:00:00,23.8,0.4,0
2026-05-25 00:00:00,22.7,0.2,0
2026-05-25 01:00:00,21.5,3.6,0
2026-05-25 02:00:00,20.5,6.3,0
2026-05-25 03:00:00,19.9,4.7,0
2026-05-25 04:00:00,19.4,5.5,0
2026-05-25 05:00:00,19.2,6.9,0
2026-05-25 06:00:00,21.0,5.3,0
2026-05-25 07:00:00,23.9,2.9,0
2026-05-25 08:00:00,26.2,4.0,0
2026-05-25 09:00:00,27.7,6.5,0
2026-05-25 10:00:00,28.8,9.1,0
2026-05-25 11:00:00,29.6,10.4,0
2026-05-25 12:00:00,31.0,11.4,0
2026-05-25 13:00:00,31.4,12.4,0
2026-05-25 14:00:00,31.7,13.2,0
2026-05-25 15:00:00,31.6,13.5,0
2026-05-25 16:00:00,31.5,13.2,22
2026-05-25 17:00:00,31.1,13.4,21
2026-05-25 18:00:00,30.9,11.9,4
2026-05-25 19:00:00,30.1,10.6,2
2026-05-25 20:00:00,29.1,9.4,2
2026-05-25 21:00:00,28.1,8.9,0
2026-05-25 22:00:00,26.7,8.5,0
2026-05-25 23:00:00,25.5,9.1,0
2026-05-26 00:00:00,23.8,8.3,0
2026-05-26 01:00:00,22.6,7.5,0
2026-05-26 02:00:00,21.8,6.1,0
2026-05-26 03:00:00,21.1,4.8,0
2026-05-26 04:00:00,20.5,4.3,0
2026-05-26 05:00:00,20.5,5.2,0
2026-05-26 06:00:00,22.2,4.0,0
2026-05-26 07:00:00,24.1,4.5,0
2026-05-26 08:00:00,26.0,5.2,0
2026-05-26 09:00:00,27.5,5.2,0
2026-05-26 10:00:00,29.0,5.3,2
2026-05-26 11:00:00,30.2,6.7,23
2026-05-26 12:00:00,31.4,9.0,11
2026-05-26 13:00:00,31.9,10.9,20
2026-05-26 14:00:00,31.8,10.6,15
2026-05-26 15:00:00,32.1,10.0,20
2026-05-26 16:00:00,31.9,9.4,43
2026-05-26 17:00:00,31.7,5.8,48
2026-05-26 18:00:00,30.2,6.7,99
2026-05-26 19:00:00,24.5,17.2,46
2026-05-26 20:00:00,24.3,6.7,25
2026-05-26 21:00:00,23.6,9.9,5
2026-05-26 22:00:00,21.4,13.5,5
2026-05-26 23:00:00,19.4,13.0,5
2026-05-27 00:00:00,17.5,14.5,4
2026-05-27 01:00:00,16.2,14.0,2
2026-05-27 02:00:00,15.4,13.5,1
2026-05-27 03:00:00,14.6,13.5,0
2026-05-27 04:00:00,13.9,13.1,0
2026-05-27 05:00:00,13.9,13.1,0
2026-05-27 06:00:00,14.4,13.4,6
2026-05-27 07:00:00,15.9,14.0,1
2026-05-27 08:00:00,17.8,13.7,0
2026-05-27 09:00:00,19.5,14.0,0
2026-05-27 10:00:00,21.2,14.8,25
2026-05-27 11:00:00,22.8,15.0,41
2026-05-27 12:00:00,22.0,14.3,9
2026-05-27 13:00:00,24.5,15.1,7
2026-05-27 14:00:00,25.8,12.5,2
2026-05-27 15:00:00,26.0,14.6,2
2026-05-27 16:00:00,26.2,15.2,1
2026-05-27 17:00:00,26.1,14.8,0
2026-05-27 18:00:00,25.1,16.7,0
2026-05-27 19:00:00,23.6,14.0,0
2026-05-27 20:00:00,22.0,15.9,1
2026-05-27 21:00:00,20.4,15.9,2
2026-05-27 22:00:00,19.0,15.2,1
2026-05-27 23:00:00,17.6,12.8,5
2026-05-28 00:00:00,16.2,11.2,1
2026-05-28 01:00:00,15.4,8.1,41
2026-05-28 02:00:00,13.5,12.8,92
2026-05-28 03:00:00,11.8,19.7,98
2026-05-28 04:00:00,11.6,15.0,43
2026-05-28 05:00:00,12.0,13.4,23
2026-05-28 06:00:00,12.5,16.7,98
2026-05-28 07:00:00,13.4,8.8,59
2026-05-28 08:00:00,15.5,6.7,38
2026-05-28 09:00:00,17.5,12.3,0
2026-05-28 10:00:00,20.5,12.6,1
2026-05-28 11:00:00,23.0,12.5,58
2026-05-28 12:00:00,26.1,14.2,93
2026-05-28 13:00:00,26.9,16.8,98
2026-05-28 14:00:00,27.8,17.8,94
2026-05-28 15:00:00,28.4,16.6,98
2026-05-28 16:00:00,28.4,19.4,56
2026-05-28 17:00:00,28.3,24.6,70
2026-05-28 18:00:00,27.6,18.5,42
2026-05-28 19:00:00,26.3,18.6,23
2026-05-28 20:00:00,24.1,17.8,6
2026-05-28 21:00:00,22.8,17.2,30
2026-05-28 22:00:00,20.7,15.8,37
2026-05-28 23:00:00,18.2,14.8,23
2026-05-29 00:00:00,16.6,12.2,88
2026-05-29 01:00:00,15.9,10.6,88
2026-05-29 02:00:00,15.2,9.0,88
2026-05-29 03:00:00,14.6,8.9,100
2026-05-29 04:00:00,14.1,8.2,100
2026-05-29 05:00:00,14.1,8.2,99
2026-05-29 06:00:00,14.3,12.8,100
2026-05-29 07:00:00,14.9,10.5,98
2026-05-29 08:00:00,16.2,9.5,99
2026-05-29 09:00:00,17.7,10.6,100
2026-05-29 10:00:00,18.5,12.9,100
2026-05-29 11:00:00,18.0,12.8,98
2026-05-29 12:00:00,19.6,13.8,47
2026-05-29 13:00:00,20.5,11.2,5
2026-05-29 14:00:00,22.0,11.9,2
2026-05-29 15:00:00,22.8,11.1,1
2026-05-29 16:00:00,23.0,10.7,0
2026-05-29 17:00:00,22.8,11.2,2
2026-05-29 18:00:00,22.4,9.5,0
2026-05-29 19:00:00,21.6,9.8,0
2026-05-29 20:00:00,19.9,11.7,17
2026-05-29 21:00:00,18.1,11.6,40
2026-05-29 22:00:00,16.9,10.2,61
2026-05-29 23:00:00,15.9,9.4,35
2026-05-30 00:00:00,14.2,8.7,63
2026-05-30 01:00:00,13.6,6.2,86
2026-05-30 02:00:00,13.1,4.1,89
2026-05-30 03:00:00,12.6,2.6,91
2026-05-30 04:00:00,12.0,3.0,96
2026-05-30 05:00:00,12.4,3.7,91
2026-05-30 06:00:00,13.6,2.9,59
2026-05-30 07:00:00,15.9,1.5,84
2026-05-30 08:00:00,17.7,0.8,98
2026-05-30 09:00:00,19.4,2.3,98
2026-05-30 10:00:00,20.9,3.4,99
2026-05-30 11:00:00,22.0,4.4,100
2026-05-30 12:00:00,23.3,4.8,71
2026-05-30 13:00:00,24.3,5.5,41
2026-05-30 14:00:00,25.0,6.6,16
2026-05-30 15:00:00,25.2,8.3,10
2026-05-30 16:00:00,25.2,8.5,95
2026-05-30 17:00:00,24.6,8.7,100
2026-05-30 18:00:00,23.5,10.0,100
2026-05-30 19:00:00,22.5,10.1,100
2026-05-30 20:00:00,21.9,8.9,100
2026-05-30 21:00:00,21.0,8.0,98
2026-05-30 22:00:00,19.2,12.3,98
2026-05-30 23:00:00,17.4,11.8,35
2026-05-31 00:00:00,16.5,9.4,9
2026-05-31 01:00:00,15.8,8.3,1
2026-05-31 02:00:00,15.2,7.6,10
2026-05-31 03:00:00,14.6,10.3,78
2026-05-31 04:00:00,14.3,11.1,30
2026-05-31 05:00:00,14.1,11.0,84
2026-05-31 06:00:00,14.9,11.4,100
2026-05-31 07:00:00,15.1,15.1,64
2026-05-31 08:00:00,16.6,14.0,48
2026-05-31 09:00:00,18.4,14.4,80
2026-05-31 10:00:00,19.3,16.0,97
2026-05-31 11:00:00,19.4,16.3,100
2026-05-31 12:00:00,20.1,16.4,99
2026-05-31 13:00:00,20.5,16.7,98
2026-05-31 14:00:00,20.8,17.3,99
2026-05-31 15:00:00,20.4,17.6,100
2026-05-31 16:00:00,20.5,16.8,37
2026-05-31 17:00:00,20.4,16.6,45
2026-05-31 18:00:00,19.6,16.8,20
2026-05-31 19:00:00,18.5,15.7,25
2026-05-31 20:00:00,17.5,14.0,3
2026-05-31 21:00:00,16.7,11.9,3
2026-05-31 22:00:00,16.0,9.3,8
2026-05-31 23:00:00,15.4,9.9,6
2026-06-01 00:00:00,14.2,9.6,30
2026-06-01 01:00:00,13.6,9.7,58
2026-06-01 02:00:00,12.9,9.7,80
2026-06-01 03:00:00,12.2,9.5,66
2026-06-01 04:00:00,11.8,9.8,99
2026-06-01 05:00:00,12.4,11.9,98
2026-06-01 06:00:00,13.7,16.2,100
2026-06-01 07:00:00,14.6,15.7,96
2026-06-01 08:00:00,16.0,17.8,100
2026-06-01 09:00:00,16.6,17.8,83
2026-06-01 10:00:00,18.2,19.2,100
2026-06-01 11:00:00,17.8,19.2,100
2026-06-01 12:00:00,18.4,19.4,100
2026-06-01 13:00:00,17.5,20.2,100
2026-06-01 14:00:00,18.0,21.2,100
2026-06-01 15:00:00,18.2,20.1,100
2026-06-01 16:00:00,17.5,16.3,100
2026-06-01 17:00:00,16.6,18.1,100
2026-06-01 18:00:00,16.6,18.0,100
2026-06-01 19:00:00,16.2,19.3,100
2026-06-01 20:00:00,15.5,19.0,100
2026-06-01 21:00:00,15.1,16.6,100
2026-06-01 22:00:00,14.9,20.4,100
2026-06-01 23:00:00,14.6,16.0,100
